Use DUKAAN;


INSERT INTO `User` (`user_id`, `username`, `password`, `House_NO`, `area`, `state`, `PINCODE`, `WALLET`, `DOB`) VALUES (1, 'Wolfgang', 'c7d7b998', 2, 'Suite 570', 'Berlin', 3796, '0.00', '1972-09-27');
INSERT INTO `User` (`user_id`, `username`, `password`, `House_NO`, `area`, `state`, `PINCODE`, `WALLET`, `DOB`) VALUES (2, 'Ursus', '899af87c', 29, 'Apt. 574', 'Niedersachsen', 74992, '0.00', '2006-06-16');
INSERT INTO `User` (`user_id`, `username`, `password`, `House_NO`, `area`, `state`, `PINCODE`, `WALLET`, `DOB`) VALUES (3, 'Francesco', '4a327abe', 7, 'Suite 763', 'Saarland', 23236, '0.00', '1993-01-22');
INSERT INTO `User` (`user_id`, `username`, `password`, `House_NO`, `area`, `state`, `PINCODE`, `WALLET`, `DOB`) VALUES (4, 'Benedikt', '141f76be', 3, 'Suite 311', 'Brandenburg', 7860, '0.00', '1986-08-13');
INSERT INTO `User` (`user_id`, `username`, `password`, `House_NO`, `area`, `state`, `PINCODE`, `WALLET`, `DOB`) VALUES (5, 'Giorgio', '9292d63f', 9, 'Suite 271', 'Thüringen', 81172, '0.00', '2013-02-27');
INSERT INTO `User` (`user_id`, `username`, `password`, `House_NO`, `area`, `state`, `PINCODE`, `WALLET`, `DOB`) VALUES (6, 'Rick', 'ee85dc43', 1, 'Suite 467', 'Sachsen-Anhalt', 66932, '0.00', '1973-09-22');
INSERT INTO `User` (`user_id`, `username`, `password`, `House_NO`, `area`, `state`, `PINCODE`, `WALLET`, `DOB`) VALUES (7, 'Garson', 'bf62c81a', 2, 'Apt. 193', 'Hamburg', 54725, '0.00', '2006-12-24');
INSERT INTO `User` (`user_id`, `username`, `password`, `House_NO`, `area`, `state`, `PINCODE`, `WALLET`, `DOB`) VALUES (8, 'Uwe', '2e5a7c84', 9, 'Apt. 033', 'Hessen', 5379, '0.00', '2019-01-06');
INSERT INTO `User` (`user_id`, `username`, `password`, `House_NO`, `area`, `state`, `PINCODE`, `WALLET`, `DOB`) VALUES (9, 'Moritz', '8f95db40', 5, 'Suite 381', 'Berlin', 84098, '0.00', '2012-09-09');
INSERT INTO `User` (`user_id`, `username`, `password`, `House_NO`, `area`, `state`, `PINCODE`, `WALLET`, `DOB`) VALUES (10, 'Tommaso', '4ebf3b4d', 0, 'Apt. 969', 'Brandenburg', 52608, '0.00', '2008-11-16');
INSERT INTO `User` (`user_id`, `username`, `password`, `House_NO`, `area`, `state`, `PINCODE`, `WALLET`, `DOB`) VALUES (11, 'Ken', 'f8a47056', 104, 'Apt. 281', 'Sachsen-Anhalt', 62591, '0.00', '2011-11-04');
INSERT INTO `User` (`user_id`, `username`, `password`, `House_NO`, `area`, `state`, `PINCODE`, `WALLET`, `DOB`) VALUES (12, 'Thimotheus', '298779ac', 32, 'Apt. 898', 'Rheinland-Pfalz', 93812, '0.00', '2018-10-26');
INSERT INTO `User` (`user_id`, `username`, `password`, `House_NO`, `area`, `state`, `PINCODE`, `WALLET`, `DOB`) VALUES (13, 'Luca', '00c4f988', 10, 'Apt. 409', 'Hessen', 1927, '0.00', '1981-12-01');
INSERT INTO `User` (`user_id`, `username`, `password`, `House_NO`, `area`, `state`, `PINCODE`, `WALLET`, `DOB`) VALUES (14, 'Ronan', '1090dfa5', 48, 'Apt. 676', 'Baden-Württemberg', 3572, '0.00', '1997-08-06');
INSERT INTO `User` (`user_id`, `username`, `password`, `House_NO`, `area`, `state`, `PINCODE`, `WALLET`, `DOB`) VALUES (15, 'Chip', 'd4db8baa', 27, 'Suite 411', 'Hamburg', 44271, '0.00', '1971-07-23');
INSERT INTO `User` (`user_id`, `username`, `password`, `House_NO`, `area`, `state`, `PINCODE`, `WALLET`, `DOB`) VALUES (16, 'Silvanus', '6532f1e4', 5, 'Apt. 270', 'Bremen', 73909, '0.00', '2015-01-17');
INSERT INTO `User` (`user_id`, `username`, `password`, `House_NO`, `area`, `state`, `PINCODE`, `WALLET`, `DOB`) VALUES (17, 'Urias', 'aeb86ce4', 244, 'Suite 506', 'Thüringen', 12726, '0.00', '1999-03-24');
INSERT INTO `User` (`user_id`, `username`, `password`, `House_NO`, `area`, `state`, `PINCODE`, `WALLET`, `DOB`) VALUES (18, 'Matthias', 'ce247cd6', 300, 'Suite 318', 'Nordrhein-Westfalen', 22334, '0.00', '1992-08-28');
INSERT INTO `User` (`user_id`, `username`, `password`, `House_NO`, `area`, `state`, `PINCODE`, `WALLET`, `DOB`) VALUES (19, 'Ernest', '4300e050', 50, 'Apt. 202', 'Bremen', 84526, '0.00', '1983-08-27');
INSERT INTO `User` (`user_id`, `username`, `password`, `House_NO`, `area`, `state`, `PINCODE`, `WALLET`, `DOB`) VALUES (20, 'Basil', '954c0661', 5, 'Suite 493', 'Sachsen-Anhalt', 66302, '0.00', '1999-08-31');
INSERT INTO `User` (`user_id`, `username`, `password`, `House_NO`, `area`, `state`, `PINCODE`, `WALLET`, `DOB`) VALUES (21, 'Timotheus', 'a4bf873c', 1, 'Apt. 960', 'Bayern', 215, '0.00', '2014-01-05');
INSERT INTO `User` (`user_id`, `username`, `password`, `House_NO`, `area`, `state`, `PINCODE`, `WALLET`, `DOB`) VALUES (22, 'Ernestin', 'eb11712e', 5, 'Apt. 683', 'Schleswig-Holstein', 8605, '0.00', '1990-08-27');
INSERT INTO `User` (`user_id`, `username`, `password`, `House_NO`, `area`, `state`, `PINCODE`, `WALLET`, `DOB`) VALUES (23, 'Mika', 'f83fc550', 7, 'Suite 510', 'Nordrhein-Westfalen', 78931, '0.00', '2004-05-30');
INSERT INTO `User` (`user_id`, `username`, `password`, `House_NO`, `area`, `state`, `PINCODE`, `WALLET`, `DOB`) VALUES (24, 'Lucan', '267ebc3c', 5, 'Suite 388', 'Rheinland-Pfalz', 48188, '0.00', '2004-07-29');
INSERT INTO `User` (`user_id`, `username`, `password`, `House_NO`, `area`, `state`, `PINCODE`, `WALLET`, `DOB`) VALUES (25, 'Theo', 'db0d1112', 50, 'Suite 915', 'Schleswig-Holstein', 75439, '0.00', '2022-06-09');
INSERT INTO `User` (`user_id`, `username`, `password`, `House_NO`, `area`, `state`, `PINCODE`, `WALLET`, `DOB`) VALUES (26, 'Jasper', '19bb45a0', 6, 'Apt. 104', 'Brandenburg', 22891, '0.00', '2021-10-16');
INSERT INTO `User` (`user_id`, `username`, `password`, `House_NO`, `area`, `state`, `PINCODE`, `WALLET`, `DOB`) VALUES (27, 'Carl', '7e52ccd5', 308, 'Suite 266', 'Mecklenburg-Vorpomme', 45745, '0.00', '1982-11-01');
INSERT INTO `User` (`user_id`, `username`, `password`, `House_NO`, `area`, `state`, `PINCODE`, `WALLET`, `DOB`) VALUES (28, 'Kilian', 'c0ed528c', 481, 'Apt. 993', 'Nordrhein-Westfalen', 34096, '0.00', '2016-12-10');
INSERT INTO `User` (`user_id`, `username`, `password`, `House_NO`, `area`, `state`, `PINCODE`, `WALLET`, `DOB`) VALUES (29, 'Vitalis', '2f404c6e', 538, 'Suite 795', 'Mecklenburg-Vorpomme', 59157, '0.00', '2010-04-19');
INSERT INTO `User` (`user_id`, `username`, `password`, `House_NO`, `area`, `state`, `PINCODE`, `WALLET`, `DOB`) VALUES (30, 'Pepito', '0764d8b2', 651, 'Apt. 397', 'Berlin', 67549, '0.00', '1990-11-04');
INSERT INTO `User` (`user_id`, `username`, `password`, `House_NO`, `area`, `state`, `PINCODE`, `WALLET`, `DOB`) VALUES (31, 'Quirino', '72aa922d', 9, 'Apt. 173', 'Sachsen', 98506, '0.00', '2018-05-25');
INSERT INTO `User` (`user_id`, `username`, `password`, `House_NO`, `area`, `state`, `PINCODE`, `WALLET`, `DOB`) VALUES (32, 'Giovanni', 'af46fb4f', 434, 'Suite 950', 'Baden-Württemberg', 53364, '0.00', '1987-06-09');
INSERT INTO `User` (`user_id`, `username`, `password`, `House_NO`, `area`, `state`, `PINCODE`, `WALLET`, `DOB`) VALUES (33, 'Humphrey', 'dea5f53b', 476, 'Apt. 604', 'Sachsen', 87838, '0.00', '1995-01-03');
INSERT INTO `User` (`user_id`, `username`, `password`, `House_NO`, `area`, `state`, `PINCODE`, `WALLET`, `DOB`) VALUES (34, 'Robert', '0ccc1155', 7, 'Suite 471', 'Mecklenburg-Vorpomme', 71262, '0.00', '2007-02-27');
INSERT INTO `User` (`user_id`, `username`, `password`, `House_NO`, `area`, `state`, `PINCODE`, `WALLET`, `DOB`) VALUES (35, 'Isaiah', '88ab9df1', 33, 'Suite 124', 'Saarland', 67704, '0.00', '2015-08-22');
INSERT INTO `User` (`user_id`, `username`, `password`, `House_NO`, `area`, `state`, `PINCODE`, `WALLET`, `DOB`) VALUES (36, 'Flavian', '355bb202', 1, 'Apt. 158', 'Saarland', 74513, '0.00', '2022-01-05');
INSERT INTO `User` (`user_id`, `username`, `password`, `House_NO`, `area`, `state`, `PINCODE`, `WALLET`, `DOB`) VALUES (37, 'Franziskus', '2adc81bc', 715, 'Suite 069', 'Schleswig-Holstein', 40533, '0.00', '1986-12-19');
INSERT INTO `User` (`user_id`, `username`, `password`, `House_NO`, `area`, `state`, `PINCODE`, `WALLET`, `DOB`) VALUES (38, 'Cillian', '52af6918', 3, 'Suite 231', 'Sachsen-Anhalt', 68918, '0.00', '2014-07-20');
INSERT INTO `User` (`user_id`, `username`, `password`, `House_NO`, `area`, `state`, `PINCODE`, `WALLET`, `DOB`) VALUES (39, 'Marius', 'b09a23cf', 661, 'Suite 897', 'Baden-Württemberg', 8978, '0.00', '2003-10-13');
INSERT INTO `User` (`user_id`, `username`, `password`, `House_NO`, `area`, `state`, `PINCODE`, `WALLET`, `DOB`) VALUES (40, 'Kleopas', '9961b5e3', 4, 'Apt. 571', 'Sachsen-Anhalt', 41351, '0.00', '1994-10-23');
INSERT INTO `User` (`user_id`, `username`, `password`, `House_NO`, `area`, `state`, `PINCODE`, `WALLET`, `DOB`) VALUES (41, 'Ralph', 'b88a0afc', 4, 'Apt. 848', 'Hamburg', 65835, '0.00', '2007-07-22');
INSERT INTO `User` (`user_id`, `username`, `password`, `House_NO`, `area`, `state`, `PINCODE`, `WALLET`, `DOB`) VALUES (42, 'Claudius', '116aaa95', 480, 'Suite 318', 'Niedersachsen', 39946, '0.00', '1988-10-04');
INSERT INTO `User` (`user_id`, `username`, `password`, `House_NO`, `area`, `state`, `PINCODE`, `WALLET`, `DOB`) VALUES (43, 'Arne', 'b73c9ddc', 45, 'Suite 798', 'Mecklenburg-Vorpomme', 35568, '0.00', '1974-12-05');
INSERT INTO `User` (`user_id`, `username`, `password`, `House_NO`, `area`, `state`, `PINCODE`, `WALLET`, `DOB`) VALUES (44, 'Barnard', '1d7e8fef', 2, 'Apt. 967', 'Rheinland-Pfalz', 20633, '0.00', '1992-12-05');
INSERT INTO `User` (`user_id`, `username`, `password`, `House_NO`, `area`, `state`, `PINCODE`, `WALLET`, `DOB`) VALUES (45, 'Carol', '03ba3911', 5, 'Apt. 033', 'Niedersachsen', 5085, '0.00', '2009-09-25');
INSERT INTO `User` (`user_id`, `username`, `password`, `House_NO`, `area`, `state`, `PINCODE`, `WALLET`, `DOB`) VALUES (46, 'Tycho', '7bf5a856', 4, 'Suite 992', 'Berlin', 87456, '0.00', '2022-04-04');
INSERT INTO `User` (`user_id`, `username`, `password`, `House_NO`, `area`, `state`, `PINCODE`, `WALLET`, `DOB`) VALUES (47, 'Reto', '8f7f9198', 0, 'Apt. 421', 'Hessen', 53589, '0.00', '1971-04-14');
INSERT INTO `User` (`user_id`, `username`, `password`, `House_NO`, `area`, `state`, `PINCODE`, `WALLET`, `DOB`) VALUES (48, 'Kurt', '46f9c639', 313, 'Apt. 857', 'Hamburg', 12228, '0.00', '1993-01-24');
INSERT INTO `User` (`user_id`, `username`, `password`, `House_NO`, `area`, `state`, `PINCODE`, `WALLET`, `DOB`) VALUES (49, 'Sander', 'a7e4d650', 364, 'Apt. 369', 'Baden-Württemberg', 25270, '0.00', '2000-11-07');
INSERT INTO `User` (`user_id`, `username`, `password`, `House_NO`, `area`, `state`, `PINCODE`, `WALLET`, `DOB`) VALUES (50, 'Serenus', '43623064', 3, 'Apt. 452', 'Berlin', 68301, '0.00', '2008-10-25');
INSERT INTO `User` (`user_id`, `username`, `password`, `House_NO`, `area`, `state`, `PINCODE`, `WALLET`, `DOB`) VALUES (51, 'Raymond', '7c85dbc3', 62, 'Suite 843', 'Nordrhein-Westfalen', 70338, '0.00', '2011-08-13');
INSERT INTO `User` (`user_id`, `username`, `password`, `House_NO`, `area`, `state`, `PINCODE`, `WALLET`, `DOB`) VALUES (52, 'Alessio', '75d9fde1', 805, 'Apt. 844', 'Brandenburg', 16376, '0.00', '2006-12-10');
INSERT INTO `User` (`user_id`, `username`, `password`, `House_NO`, `area`, `state`, `PINCODE`, `WALLET`, `DOB`) VALUES (53, 'Brian', 'c6dcaefa', 7, 'Apt. 026', 'Brandenburg', 60492, '0.00', '1975-03-02');
INSERT INTO `User` (`user_id`, `username`, `password`, `House_NO`, `area`, `state`, `PINCODE`, `WALLET`, `DOB`) VALUES (54, 'Quirin', 'f6a2fba5', 0, 'Apt. 351', 'Rheinland-Pfalz', 51303, '0.00', '2015-11-17');
INSERT INTO `User` (`user_id`, `username`, `password`, `House_NO`, `area`, `state`, `PINCODE`, `WALLET`, `DOB`) VALUES (55, 'Giuliano', 'c18d7c16', 6, 'Apt. 113', 'Nordrhein-Westfalen', 72311, '0.00', '2003-12-25');
INSERT INTO `User` (`user_id`, `username`, `password`, `House_NO`, `area`, `state`, `PINCODE`, `WALLET`, `DOB`) VALUES (56, 'Laurenzo', '91ed9199', 1, 'Suite 217', 'Hamburg', 11611, '0.00', '1997-06-19');
INSERT INTO `User` (`user_id`, `username`, `password`, `House_NO`, `area`, `state`, `PINCODE`, `WALLET`, `DOB`) VALUES (57, 'Kristof', '019c165c', 3, 'Apt. 320', 'Saarland', 90106, '0.00', '2002-01-20');
INSERT INTO `User` (`user_id`, `username`, `password`, `House_NO`, `area`, `state`, `PINCODE`, `WALLET`, `DOB`) VALUES (58, 'Reynold', '6f7210b5', 4, 'Suite 934', 'Mecklenburg-Vorpomme', 31749, '0.00', '1995-11-19');
INSERT INTO `User` (`user_id`, `username`, `password`, `House_NO`, `area`, `state`, `PINCODE`, `WALLET`, `DOB`) VALUES (59, 'Rocky', '6701a99b', 4, 'Apt. 910', 'Baden-Württemberg', 58832, '0.00', '2001-02-17');
INSERT INTO `User` (`user_id`, `username`, `password`, `House_NO`, `area`, `state`, `PINCODE`, `WALLET`, `DOB`) VALUES (60, 'Horaz', '8d215111', 464, 'Suite 512', 'Schleswig-Holstein', 28542, '0.00', '2015-01-03');
INSERT INTO `User` (`user_id`, `username`, `password`, `House_NO`, `area`, `state`, `PINCODE`, `WALLET`, `DOB`) VALUES (61, 'Niko', '200bb738', 401, 'Suite 518', 'Sachsen-Anhalt', 10498, '0.00', '1985-03-09');
INSERT INTO `User` (`user_id`, `username`, `password`, `House_NO`, `area`, `state`, `PINCODE`, `WALLET`, `DOB`) VALUES (62, 'Jeremias', '63b658ee', 93, 'Suite 042', 'Niedersachsen', 62278, '0.00', '1974-05-08');
INSERT INTO `User` (`user_id`, `username`, `password`, `House_NO`, `area`, `state`, `PINCODE`, `WALLET`, `DOB`) VALUES (63, 'Grover', '7e0b50d8', 4, 'Apt. 669', 'Thüringen', 34895, '0.00', '2018-11-23');
INSERT INTO `User` (`user_id`, `username`, `password`, `House_NO`, `area`, `state`, `PINCODE`, `WALLET`, `DOB`) VALUES (64, 'Marlon', '9ed735bd', 373, 'Suite 624', 'Mecklenburg-Vorpomme', 46136, '0.00', '1997-12-25');
INSERT INTO `User` (`user_id`, `username`, `password`, `House_NO`, `area`, `state`, `PINCODE`, `WALLET`, `DOB`) VALUES (65, 'Charles', '2215f496', 7, 'Apt. 399', 'Berlin', 81629, '0.00', '2009-01-07');
INSERT INTO `User` (`user_id`, `username`, `password`, `House_NO`, `area`, `state`, `PINCODE`, `WALLET`, `DOB`) VALUES (66, 'Ugo', 'bf40b6a0', 3, 'Apt. 896', 'Nordrhein-Westfalen', 17575, '0.00', '2004-06-08');
INSERT INTO `User` (`user_id`, `username`, `password`, `House_NO`, `area`, `state`, `PINCODE`, `WALLET`, `DOB`) VALUES (67, 'Thaddäus', '5f33cb18', 24, 'Apt. 937', 'Berlin', 74669, '0.00', '2008-07-25');
INSERT INTO `User` (`user_id`, `username`, `password`, `House_NO`, `area`, `state`, `PINCODE`, `WALLET`, `DOB`) VALUES (68, 'Isidor', '942d7625', 8, 'Suite 618', 'Saarland', 8107, '0.00', '1974-05-24');
INSERT INTO `User` (`user_id`, `username`, `password`, `House_NO`, `area`, `state`, `PINCODE`, `WALLET`, `DOB`) VALUES (69, 'Nicki', '5a464a4d', 5, 'Apt. 889', 'Berlin', 45184, '0.00', '2006-08-08');
INSERT INTO `User` (`user_id`, `username`, `password`, `House_NO`, `area`, `state`, `PINCODE`, `WALLET`, `DOB`) VALUES (70, 'Loris', '6d922ed4', 3, 'Apt. 424', 'Hessen', 39950, '0.00', '1983-06-08');
INSERT INTO `User` (`user_id`, `username`, `password`, `House_NO`, `area`, `state`, `PINCODE`, `WALLET`, `DOB`) VALUES (71, 'Floyd', 'd7bd5598', 89, 'Apt. 707', 'Thüringen', 36800, '0.00', '1974-05-26');
INSERT INTO `User` (`user_id`, `username`, `password`, `House_NO`, `area`, `state`, `PINCODE`, `WALLET`, `DOB`) VALUES (72, 'Bobby', 'f940f7d9', 4, 'Apt. 610', 'Berlin', 17131, '0.00', '2005-08-09');
INSERT INTO `User` (`user_id`, `username`, `password`, `House_NO`, `area`, `state`, `PINCODE`, `WALLET`, `DOB`) VALUES (73, 'Milan', 'f64eab96', 989, 'Suite 553', 'Mecklenburg-Vorpomme', 55768, '0.00', '1985-03-11');
INSERT INTO `User` (`user_id`, `username`, `password`, `House_NO`, `area`, `state`, `PINCODE`, `WALLET`, `DOB`) VALUES (74, 'Gabriel', '34f5f44c', 31, 'Apt. 364', 'Nordrhein-Westfalen', 43045, '0.00', '2022-03-09');
INSERT INTO `User` (`user_id`, `username`, `password`, `House_NO`, `area`, `state`, `PINCODE`, `WALLET`, `DOB`) VALUES (75, 'Titus', '80b87408', 5, 'Suite 562', 'Sachsen', 41091, '0.00', '1982-06-06');
INSERT INTO `User` (`user_id`, `username`, `password`, `House_NO`, `area`, `state`, `PINCODE`, `WALLET`, `DOB`) VALUES (76, 'Josef', '5a47fd86', 3, 'Apt. 525', 'Brandenburg', 24538, '0.00', '1997-11-20');
INSERT INTO `User` (`user_id`, `username`, `password`, `House_NO`, `area`, `state`, `PINCODE`, `WALLET`, `DOB`) VALUES (77, 'Randolf', '4f439d4d', 3, 'Apt. 450', 'Niedersachsen', 55821, '0.00', '2006-01-11');
INSERT INTO `User` (`user_id`, `username`, `password`, `House_NO`, `area`, `state`, `PINCODE`, `WALLET`, `DOB`) VALUES (78, 'Wigand', '75d64aa2', 0, 'Suite 334', 'Rheinland-Pfalz', 74858, '0.00', '2020-01-15');
INSERT INTO `User` (`user_id`, `username`, `password`, `House_NO`, `area`, `state`, `PINCODE`, `WALLET`, `DOB`) VALUES (79, 'Piero', '7edc7dfb', 831, 'Suite 074', 'Hessen', 43402, '0.00', '2003-12-29');
INSERT INTO `User` (`user_id`, `username`, `password`, `House_NO`, `area`, `state`, `PINCODE`, `WALLET`, `DOB`) VALUES (80, 'Ferrante', '3cee848d', 9, 'Apt. 967', 'Sachsen-Anhalt', 21480, '0.00', '1971-07-23');
INSERT INTO `User` (`user_id`, `username`, `password`, `House_NO`, `area`, `state`, `PINCODE`, `WALLET`, `DOB`) VALUES (81, 'Quint', '082fd3db', 2, 'Suite 876', 'Rheinland-Pfalz', 75358, '0.00', '1975-06-18');
INSERT INTO `User` (`user_id`, `username`, `password`, `House_NO`, `area`, `state`, `PINCODE`, `WALLET`, `DOB`) VALUES (82, 'Adalbero', '7eb7e212', 22, 'Suite 401', 'Nordrhein-Westfalen', 46292, '0.00', '2018-11-21');
INSERT INTO `User` (`user_id`, `username`, `password`, `House_NO`, `area`, `state`, `PINCODE`, `WALLET`, `DOB`) VALUES (83, 'Francisco', 'a09959fa', 6, 'Suite 269', 'Sachsen', 14718, '0.00', '1986-09-02');
INSERT INTO `User` (`user_id`, `username`, `password`, `House_NO`, `area`, `state`, `PINCODE`, `WALLET`, `DOB`) VALUES (84, 'Kallistus', '22e062bd', 9, 'Apt. 188', 'Sachsen', 63031, '0.00', '1972-11-13');
INSERT INTO `User` (`user_id`, `username`, `password`, `House_NO`, `area`, `state`, `PINCODE`, `WALLET`, `DOB`) VALUES (85, 'Nikolai', 'd86a3021', 0, 'Suite 815', 'Baden-Württemberg', 34702, '0.00', '1987-12-04');
INSERT INTO `User` (`user_id`, `username`, `password`, `House_NO`, `area`, `state`, `PINCODE`, `WALLET`, `DOB`) VALUES (86, 'Ted', '2921ddfb', 7, 'Suite 385', 'Niedersachsen', 79884, '0.00', '2013-06-23');
INSERT INTO `User` (`user_id`, `username`, `password`, `House_NO`, `area`, `state`, `PINCODE`, `WALLET`, `DOB`) VALUES (87, 'Lothaire', '0bb6bed2', 1, 'Suite 795', 'Hamburg', 77340, '0.00', '1977-05-09');
INSERT INTO `User` (`user_id`, `username`, `password`, `House_NO`, `area`, `state`, `PINCODE`, `WALLET`, `DOB`) VALUES (88, 'Benny', 'b74a78f4', 216, 'Suite 485', 'Brandenburg', 46789, '0.00', '2021-05-18');
INSERT INTO `User` (`user_id`, `username`, `password`, `House_NO`, `area`, `state`, `PINCODE`, `WALLET`, `DOB`) VALUES (89, 'Morten', '38e399a5', 39, 'Apt. 288', 'Saarland', 1568, '0.00', '2011-03-05');
INSERT INTO `User` (`user_id`, `username`, `password`, `House_NO`, `area`, `state`, `PINCODE`, `WALLET`, `DOB`) VALUES (90, 'Matt', '63accf3d', 785, 'Suite 598', 'Mecklenburg-Vorpomme', 9877, '0.00', '1974-04-11');
INSERT INTO `User` (`user_id`, `username`, `password`, `House_NO`, `area`, `state`, `PINCODE`, `WALLET`, `DOB`) VALUES (91, 'Janis', 'e7d2a2b6', 20, 'Apt. 888', 'Saarland', 70581, '0.00', '1986-08-02');
INSERT INTO `User` (`user_id`, `username`, `password`, `House_NO`, `area`, `state`, `PINCODE`, `WALLET`, `DOB`) VALUES (92, 'Luciano', '9331db45', 520, 'Suite 940', 'Sachsen-Anhalt', 67575, '0.00', '2007-10-26');
INSERT INTO `User` (`user_id`, `username`, `password`, `House_NO`, `area`, `state`, `PINCODE`, `WALLET`, `DOB`) VALUES (93, 'Hanley', '4d4e1d3c', 430, 'Suite 053', 'Sachsen-Anhalt', 52293, '0.00', '1994-09-19');
INSERT INTO `User` (`user_id`, `username`, `password`, `House_NO`, `area`, `state`, `PINCODE`, `WALLET`, `DOB`) VALUES (94, 'Glenn', '486ab4bc', 27, 'Apt. 002', 'Mecklenburg-Vorpomme', 87594, '0.00', '2010-08-20');
INSERT INTO `User` (`user_id`, `username`, `password`, `House_NO`, `area`, `state`, `PINCODE`, `WALLET`, `DOB`) VALUES (95, 'Uli', 'd7fda68f', 921, 'Apt. 216', 'Mecklenburg-Vorpomme', 55215, '0.00', '2014-07-09');
INSERT INTO `User` (`user_id`, `username`, `password`, `House_NO`, `area`, `state`, `PINCODE`, `WALLET`, `DOB`) VALUES (96, 'Alphonse', '14a286cd', 483, 'Suite 331', 'Sachsen', 56423, '0.00', '1986-10-27');
INSERT INTO `User` (`user_id`, `username`, `password`, `House_NO`, `area`, `state`, `PINCODE`, `WALLET`, `DOB`) VALUES (97, 'Rocco', '1b4c55a9', 93, 'Suite 477', 'Berlin', 78766, '0.00', '1988-08-10');
INSERT INTO `User` (`user_id`, `username`, `password`, `House_NO`, `area`, `state`, `PINCODE`, `WALLET`, `DOB`) VALUES (98, 'Henry', 'b88a3da4', 9, 'Suite 844', 'Niedersachsen', 68907, '0.00', '1998-01-31');
INSERT INTO `User` (`user_id`, `username`, `password`, `House_NO`, `area`, `state`, `PINCODE`, `WALLET`, `DOB`) VALUES (99, 'Sylvester', 'b6c9d323', 83, 'Apt. 309', 'Hessen', 79442, '0.00', '1991-06-19');
INSERT INTO `User` (`user_id`, `username`, `password`, `House_NO`, `area`, `state`, `PINCODE`, `WALLET`, `DOB`) VALUES (100, 'Lennart', '917524fb', 62, 'Apt. 211', 'Saarland', 78953, '0.00', '2020-01-15');



UPDATE user
SET age = DATE_FORMAT(FROM_DAYS(DATEDIFF(NOW(), DOB)), '%Y') + 0;



INSERT INTO `User_PhoneNumber` (`user_id`, `phone_number`) VALUES (1, 1);
INSERT INTO `User_PhoneNumber` (`user_id`, `phone_number`) VALUES (1, 12671);
INSERT INTO `User_PhoneNumber` (`user_id`, `phone_number`) VALUES (1, 507907);
INSERT INTO `User_PhoneNumber` (`user_id`, `phone_number`) VALUES (2, 0);
INSERT INTO `User_PhoneNumber` (`user_id`, `phone_number`) VALUES (3, 769);
INSERT INTO `User_PhoneNumber` (`user_id`, `phone_number`) VALUES (3, 2147483647);
INSERT INTO `User_PhoneNumber` (`user_id`, `phone_number`) VALUES (4, 528);
INSERT INTO `User_PhoneNumber` (`user_id`, `phone_number`) VALUES (5, 76717);
INSERT INTO `User_PhoneNumber` (`user_id`, `phone_number`) VALUES (5, 669795);
INSERT INTO `User_PhoneNumber` (`user_id`, `phone_number`) VALUES (6, 306);
INSERT INTO `User_PhoneNumber` (`user_id`, `phone_number`) VALUES (7, 1257234441);
INSERT INTO `User_PhoneNumber` (`user_id`, `phone_number`) VALUES (8, 2);
INSERT INTO `User_PhoneNumber` (`user_id`, `phone_number`) VALUES (8, 34);
INSERT INTO `User_PhoneNumber` (`user_id`, `phone_number`) VALUES (8, 192);
INSERT INTO `User_PhoneNumber` (`user_id`, `phone_number`) VALUES (9, 59);
INSERT INTO `User_PhoneNumber` (`user_id`, `phone_number`) VALUES (9, 1482996222);
INSERT INTO `User_PhoneNumber` (`user_id`, `phone_number`) VALUES (10, 406);
INSERT INTO `User_PhoneNumber` (`user_id`, `phone_number`) VALUES (10, 942104);
INSERT INTO `User_PhoneNumber` (`user_id`, `phone_number`) VALUES (11, 3);
INSERT INTO `User_PhoneNumber` (`user_id`, `phone_number`) VALUES (13, 167);
INSERT INTO `User_PhoneNumber` (`user_id`, `phone_number`) VALUES (13, 180055);
INSERT INTO `User_PhoneNumber` (`user_id`, `phone_number`) VALUES (14, 818);
INSERT INTO `User_PhoneNumber` (`user_id`, `phone_number`) VALUES (15, 78);
INSERT INTO `User_PhoneNumber` (`user_id`, `phone_number`) VALUES (15, 407);
INSERT INTO `User_PhoneNumber` (`user_id`, `phone_number`) VALUES (15, 122947);
INSERT INTO `User_PhoneNumber` (`user_id`, `phone_number`) VALUES (17, 428);
INSERT INTO `User_PhoneNumber` (`user_id`, `phone_number`) VALUES (18, 198);
INSERT INTO `User_PhoneNumber` (`user_id`, `phone_number`) VALUES (18, 449678);
INSERT INTO `User_PhoneNumber` (`user_id`, `phone_number`) VALUES (19, 83);
INSERT INTO `User_PhoneNumber` (`user_id`, `phone_number`) VALUES (20, 634);
INSERT INTO `User_PhoneNumber` (`user_id`, `phone_number`) VALUES (21, 119);
INSERT INTO `User_PhoneNumber` (`user_id`, `phone_number`) VALUES (21, 926);
INSERT INTO `User_PhoneNumber` (`user_id`, `phone_number`) VALUES (22, 767);
INSERT INTO `User_PhoneNumber` (`user_id`, `phone_number`) VALUES (22, 451306);
INSERT INTO `User_PhoneNumber` (`user_id`, `phone_number`) VALUES (23, 1259218819);
INSERT INTO `User_PhoneNumber` (`user_id`, `phone_number`) VALUES (24, 24);
INSERT INTO `User_PhoneNumber` (`user_id`, `phone_number`) VALUES (24, 121);
INSERT INTO `User_PhoneNumber` (`user_id`, `phone_number`) VALUES (24, 442085);
INSERT INTO `User_PhoneNumber` (`user_id`, `phone_number`) VALUES (26, 954844);
INSERT INTO `User_PhoneNumber` (`user_id`, `phone_number`) VALUES (30, 817);
INSERT INTO `User_PhoneNumber` (`user_id`, `phone_number`) VALUES (30, 263928);
INSERT INTO `User_PhoneNumber` (`user_id`, `phone_number`) VALUES (31, 23);
INSERT INTO `User_PhoneNumber` (`user_id`, `phone_number`) VALUES (32, 26);
INSERT INTO `User_PhoneNumber` (`user_id`, `phone_number`) VALUES (32, 374);
INSERT INTO `User_PhoneNumber` (`user_id`, `phone_number`) VALUES (32, 903);
INSERT INTO `User_PhoneNumber` (`user_id`, `phone_number`) VALUES (33, 96);
INSERT INTO `User_PhoneNumber` (`user_id`, `phone_number`) VALUES (34, 301);
INSERT INTO `User_PhoneNumber` (`user_id`, `phone_number`) VALUES (35, 99);
INSERT INTO `User_PhoneNumber` (`user_id`, `phone_number`) VALUES (36, 17);
INSERT INTO `User_PhoneNumber` (`user_id`, `phone_number`) VALUES (36, 172458);
INSERT INTO `User_PhoneNumber` (`user_id`, `phone_number`) VALUES (37, 155);
INSERT INTO `User_PhoneNumber` (`user_id`, `phone_number`) VALUES (37, 443);
INSERT INTO `User_PhoneNumber` (`user_id`, `phone_number`) VALUES (38, 154186);
INSERT INTO `User_PhoneNumber` (`user_id`, `phone_number`) VALUES (38, 827214);
INSERT INTO `User_PhoneNumber` (`user_id`, `phone_number`) VALUES (39, 93);
INSERT INTO `User_PhoneNumber` (`user_id`, `phone_number`) VALUES (39, 417);
INSERT INTO `User_PhoneNumber` (`user_id`, `phone_number`) VALUES (40, 322165);
INSERT INTO `User_PhoneNumber` (`user_id`, `phone_number`) VALUES (40, 758073);
INSERT INTO `User_PhoneNumber` (`user_id`, `phone_number`) VALUES (41, 758);
INSERT INTO `User_PhoneNumber` (`user_id`, `phone_number`) VALUES (41, 246294);
INSERT INTO `User_PhoneNumber` (`user_id`, `phone_number`) VALUES (42, 32);
INSERT INTO `User_PhoneNumber` (`user_id`, `phone_number`) VALUES (42, 671686);
INSERT INTO `User_PhoneNumber` (`user_id`, `phone_number`) VALUES (42, 891606);
INSERT INTO `User_PhoneNumber` (`user_id`, `phone_number`) VALUES (43, 727);
INSERT INTO `User_PhoneNumber` (`user_id`, `phone_number`) VALUES (43, 614808);
INSERT INTO `User_PhoneNumber` (`user_id`, `phone_number`) VALUES (44, 930);
INSERT INTO `User_PhoneNumber` (`user_id`, `phone_number`) VALUES (45, 393744);
INSERT INTO `User_PhoneNumber` (`user_id`, `phone_number`) VALUES (46, 10);
INSERT INTO `User_PhoneNumber` (`user_id`, `phone_number`) VALUES (46, 788480);
INSERT INTO `User_PhoneNumber` (`user_id`, `phone_number`) VALUES (48, 89);
INSERT INTO `User_PhoneNumber` (`user_id`, `phone_number`) VALUES (48, 336);
INSERT INTO `User_PhoneNumber` (`user_id`, `phone_number`) VALUES (48, 341);
INSERT INTO `User_PhoneNumber` (`user_id`, `phone_number`) VALUES (49, 958127);
INSERT INTO `User_PhoneNumber` (`user_id`, `phone_number`) VALUES (50, 46);
INSERT INTO `User_PhoneNumber` (`user_id`, `phone_number`) VALUES (50, 508);
INSERT INTO `User_PhoneNumber` (`user_id`, `phone_number`) VALUES (50, 941);
INSERT INTO `User_PhoneNumber` (`user_id`, `phone_number`) VALUES (51, 32117);
INSERT INTO `User_PhoneNumber` (`user_id`, `phone_number`) VALUES (52, 395921);
INSERT INTO `User_PhoneNumber` (`user_id`, `phone_number`) VALUES (53, 473426);
INSERT INTO `User_PhoneNumber` (`user_id`, `phone_number`) VALUES (54, 77);
INSERT INTO `User_PhoneNumber` (`user_id`, `phone_number`) VALUES (56, 301349);
INSERT INTO `User_PhoneNumber` (`user_id`, `phone_number`) VALUES (56, 424751);
INSERT INTO `User_PhoneNumber` (`user_id`, `phone_number`) VALUES (57, 338992);
INSERT INTO `User_PhoneNumber` (`user_id`, `phone_number`) VALUES (58, 852506);
INSERT INTO `User_PhoneNumber` (`user_id`, `phone_number`) VALUES (59, 230);
INSERT INTO `User_PhoneNumber` (`user_id`, `phone_number`) VALUES (59, 412);
INSERT INTO `User_PhoneNumber` (`user_id`, `phone_number`) VALUES (60, 144112);
INSERT INTO `User_PhoneNumber` (`user_id`, `phone_number`) VALUES (61, 333);
INSERT INTO `User_PhoneNumber` (`user_id`, `phone_number`) VALUES (61, 484198);
INSERT INTO `User_PhoneNumber` (`user_id`, `phone_number`) VALUES (62, 965);
INSERT INTO `User_PhoneNumber` (`user_id`, `phone_number`) VALUES (64, 80);
INSERT INTO `User_PhoneNumber` (`user_id`, `phone_number`) VALUES (66, 548);
INSERT INTO `User_PhoneNumber` (`user_id`, `phone_number`) VALUES (67, 782154);
INSERT INTO `User_PhoneNumber` (`user_id`, `phone_number`) VALUES (67, 984109);
INSERT INTO `User_PhoneNumber` (`user_id`, `phone_number`) VALUES (68, 870);
INSERT INTO `User_PhoneNumber` (`user_id`, `phone_number`) VALUES (68, 653959);
INSERT INTO `User_PhoneNumber` (`user_id`, `phone_number`) VALUES (69, 868);
INSERT INTO `User_PhoneNumber` (`user_id`, `phone_number`) VALUES (69, 506723);
INSERT INTO `User_PhoneNumber` (`user_id`, `phone_number`) VALUES (70, 49);
INSERT INTO `User_PhoneNumber` (`user_id`, `phone_number`) VALUES (71, 559);
INSERT INTO `User_PhoneNumber` (`user_id`, `phone_number`) VALUES (72, 909);
INSERT INTO `User_PhoneNumber` (`user_id`, `phone_number`) VALUES (74, 670067);
INSERT INTO `User_PhoneNumber` (`user_id`, `phone_number`) VALUES (75, 396685);
INSERT INTO `User_PhoneNumber` (`user_id`, `phone_number`) VALUES (75, 504499);
INSERT INTO `User_PhoneNumber` (`user_id`, `phone_number`) VALUES (76, 18);
INSERT INTO `User_PhoneNumber` (`user_id`, `phone_number`) VALUES (76, 74);
INSERT INTO `User_PhoneNumber` (`user_id`, `phone_number`) VALUES (78, 404902759);
INSERT INTO `User_PhoneNumber` (`user_id`, `phone_number`) VALUES (80, 189);
INSERT INTO `User_PhoneNumber` (`user_id`, `phone_number`) VALUES (81, 177);
INSERT INTO `User_PhoneNumber` (`user_id`, `phone_number`) VALUES (82, 45371);
INSERT INTO `User_PhoneNumber` (`user_id`, `phone_number`) VALUES (83, 60);
INSERT INTO `User_PhoneNumber` (`user_id`, `phone_number`) VALUES (83, 69);
INSERT INTO `User_PhoneNumber` (`user_id`, `phone_number`) VALUES (85, 22);
INSERT INTO `User_PhoneNumber` (`user_id`, `phone_number`) VALUES (85, 616650);
INSERT INTO `User_PhoneNumber` (`user_id`, `phone_number`) VALUES (88, 181);
INSERT INTO `User_PhoneNumber` (`user_id`, `phone_number`) VALUES (89, 499701);
INSERT INTO `User_PhoneNumber` (`user_id`, `phone_number`) VALUES (89, 891101);
INSERT INTO `User_PhoneNumber` (`user_id`, `phone_number`) VALUES (91, 15461);
INSERT INTO `User_PhoneNumber` (`user_id`, `phone_number`) VALUES (92, 504475);
INSERT INTO `User_PhoneNumber` (`user_id`, `phone_number`) VALUES (93, 860);
INSERT INTO `User_PhoneNumber` (`user_id`, `phone_number`) VALUES (94, 664504);
INSERT INTO `User_PhoneNumber` (`user_id`, `phone_number`) VALUES (95, 11);
INSERT INTO `User_PhoneNumber` (`user_id`, `phone_number`) VALUES (96, 851724);
INSERT INTO `User_PhoneNumber` (`user_id`, `phone_number`) VALUES (98, 233015);
INSERT INTO `User_PhoneNumber` (`user_id`, `phone_number`) VALUES (98, 554919);
INSERT INTO `User_PhoneNumber` (`user_id`, `phone_number`) VALUES (99, 654);
INSERT INTO `User_PhoneNumber` (`user_id`, `phone_number`) VALUES (99, 399786);
INSERT INTO `User_PhoneNumber` (`user_id`, `phone_number`) VALUES (100, 651855);


INSERT INTO `shop` (`shop_id`, `shopname`, `password`, `shop_no`, `area`, `state`, `PINCODE`) VALUES (1, 'Adriel', 'e2b103b0', 726, 'South', 'Maryland', 15294);
INSERT INTO `shop` (`shop_id`, `shopname`, `password`, `shop_no`, `area`, `state`, `PINCODE`) VALUES (2, 'Raymundo', '4bc73ebe', 504, 'Lake', 'Virginia', 86752);
INSERT INTO `shop` (`shop_id`, `shopname`, `password`, `shop_no`, `area`, `state`, `PINCODE`) VALUES (3, 'Ken', '5808083b', 10742, 'New', 'Arizona', 8668);
INSERT INTO `shop` (`shop_id`, `shopname`, `password`, `shop_no`, `area`, `state`, `PINCODE`) VALUES (4, 'Waylon', '00982460', 1485, 'Port', 'Wisconsin', 39060);
INSERT INTO `shop` (`shop_id`, `shopname`, `password`, `shop_no`, `area`, `state`, `PINCODE`) VALUES (5, 'Alexzander', 'e260773e', 998, 'Lake', 'NorthCarolina', 74982);
INSERT INTO `shop` (`shop_id`, `shopname`, `password`, `shop_no`, `area`, `state`, `PINCODE`) VALUES (6, 'Peyton', 'd3ed2bf8', 21710, 'North', 'Oregon', 93418);
INSERT INTO `shop` (`shop_id`, `shopname`, `password`, `shop_no`, `area`, `state`, `PINCODE`) VALUES (7, 'Braden', '5a20cffb', 375, 'East', 'Virginia', 97605);
INSERT INTO `shop` (`shop_id`, `shopname`, `password`, `shop_no`, `area`, `state`, `PINCODE`) VALUES (8, 'Dell', '32020781', 19863, 'North', 'SouthCarolina', 15056);
INSERT INTO `shop` (`shop_id`, `shopname`, `password`, `shop_no`, `area`, `state`, `PINCODE`) VALUES (9, 'Golden', 'c7c6461f', 6095, 'East', 'NewYork', 12449);
INSERT INTO `shop` (`shop_id`, `shopname`, `password`, `shop_no`, `area`, `state`, `PINCODE`) VALUES (10, 'Jason', '405a3bf4', 2367, 'New', 'Massachusetts', 62783);
INSERT INTO `shop` (`shop_id`, `shopname`, `password`, `shop_no`, `area`, `state`, `PINCODE`) VALUES (11, 'Oran', '3ea2c717', 70125, 'Port', 'Connecticut', 85948);
INSERT INTO `shop` (`shop_id`, `shopname`, `password`, `shop_no`, `area`, `state`, `PINCODE`) VALUES (12, 'Brady', 'df2ae036', 771, 'North', 'Washington', 33668);
INSERT INTO `shop` (`shop_id`, `shopname`, `password`, `shop_no`, `area`, `state`, `PINCODE`) VALUES (13, 'Lindsey', '337b0bde', 78076, 'New', 'Indiana', 90422);
INSERT INTO `shop` (`shop_id`, `shopname`, `password`, `shop_no`, `area`, `state`, `PINCODE`) VALUES (14, 'Garnett', 'ceea9a0c', 43586, 'Lake', 'NewJersey', 510);
INSERT INTO `shop` (`shop_id`, `shopname`, `password`, `shop_no`, `area`, `state`, `PINCODE`) VALUES (15, 'Dorcas', '3f0fb71e', 722, 'Lake', 'WestVirginia', 13506);
INSERT INTO `shop` (`shop_id`, `shopname`, `password`, `shop_no`, `area`, `state`, `PINCODE`) VALUES (16, 'Randy', 'c9e8efab', 29, 'South', 'Kansas', 16232);
INSERT INTO `shop` (`shop_id`, `shopname`, `password`, `shop_no`, `area`, `state`, `PINCODE`) VALUES (17, 'Terrill', '8c11f5e6', 1134, 'Lake', 'Arkansas', 88402);
INSERT INTO `shop` (`shop_id`, `shopname`, `password`, `shop_no`, `area`, `state`, `PINCODE`) VALUES (18, 'Delbert', '0bb50675', 7004, 'South', 'Missouri', 40796);
INSERT INTO `shop` (`shop_id`, `shopname`, `password`, `shop_no`, `area`, `state`, `PINCODE`) VALUES (19, 'Robbie', '3de44d7b', 2321, 'New', 'Maine', 39986);
INSERT INTO `shop` (`shop_id`, `shopname`, `password`, `shop_no`, `area`, `state`, `PINCODE`) VALUES (20, 'Oswaldo', '512f2fe4', 45960, 'North', 'NewMexico', 12212);
INSERT INTO `shop` (`shop_id`, `shopname`, `password`, `shop_no`, `area`, `state`, `PINCODE`) VALUES (21, 'Abelardo', '7a467a54', 4679, 'North', 'Arkansas', 83025);
INSERT INTO `shop` (`shop_id`, `shopname`, `password`, `shop_no`, `area`, `state`, `PINCODE`) VALUES (22, 'Hailey', 'fe0ffad1', 4977, 'Port', 'SouthDakota', 17181);
INSERT INTO `shop` (`shop_id`, `shopname`, `password`, `shop_no`, `area`, `state`, `PINCODE`) VALUES (23, 'Pete', 'a6cf0ec6', 9401, 'South', 'Vermont', 46669);
INSERT INTO `shop` (`shop_id`, `shopname`, `password`, `shop_no`, `area`, `state`, `PINCODE`) VALUES (24, 'Brad', '89875ad7', 57667, 'West', 'SouthDakota', 48510);
INSERT INTO `shop` (`shop_id`, `shopname`, `password`, `shop_no`, `area`, `state`, `PINCODE`) VALUES (25, 'Johnnie', 'bd9aaa67', 751, 'New', 'Idaho', 85809);
INSERT INTO `shop` (`shop_id`, `shopname`, `password`, `shop_no`, `area`, `state`, `PINCODE`) VALUES (26, 'Korey', '151259b4', 5605, 'South', 'Ohio', 28351);
INSERT INTO `shop` (`shop_id`, `shopname`, `password`, `shop_no`, `area`, `state`, `PINCODE`) VALUES (27, 'Luciano', '0b722d20', 1817, 'East', 'RhodeIsland', 33499);
INSERT INTO `shop` (`shop_id`, `shopname`, `password`, `shop_no`, `area`, `state`, `PINCODE`) VALUES (28, 'Kris', '3c4114ec', 7310, 'South', 'Massachusetts', 18484);
INSERT INTO `shop` (`shop_id`, `shopname`, `password`, `shop_no`, `area`, `state`, `PINCODE`) VALUES (29, 'Hans', 'd72ab0a3', 6485, 'West', 'Washington', 99611);
INSERT INTO `shop` (`shop_id`, `shopname`, `password`, `shop_no`, `area`, `state`, `PINCODE`) VALUES (30, 'Okey', '0754deb4', 220, 'West', 'California', 9677);
INSERT INTO `shop` (`shop_id`, `shopname`, `password`, `shop_no`, `area`, `state`, `PINCODE`) VALUES (31, 'Jeromy', '8de830cc', 293, 'New', 'Indiana', 75028);
INSERT INTO `shop` (`shop_id`, `shopname`, `password`, `shop_no`, `area`, `state`, `PINCODE`) VALUES (32, 'Kristian', '49bd4974', 460, 'South', 'Tennessee', 8269);
INSERT INTO `shop` (`shop_id`, `shopname`, `password`, `shop_no`, `area`, `state`, `PINCODE`) VALUES (33, 'Malcolm', 'c510eb51', 857, 'Port', 'Kentucky', 44526);
INSERT INTO `shop` (`shop_id`, `shopname`, `password`, `shop_no`, `area`, `state`, `PINCODE`) VALUES (34, 'Mortimer', '0cb70531', 117, 'South', 'District of Columbia', 32951);
INSERT INTO `shop` (`shop_id`, `shopname`, `password`, `shop_no`, `area`, `state`, `PINCODE`) VALUES (35, 'Eliezer', '267cf532', 252, 'Port', 'District of Columbia', 47691);
INSERT INTO `shop` (`shop_id`, `shopname`, `password`, `shop_no`, `area`, `state`, `PINCODE`) VALUES (36, 'Neal', 'b2cb947d', 49759, 'Port', 'Wyoming', 93217);
INSERT INTO `shop` (`shop_id`, `shopname`, `password`, `shop_no`, `area`, `state`, `PINCODE`) VALUES (37, 'Elliott', '67a9f92f', 315, 'South', 'Mississippi', 62886);
INSERT INTO `shop` (`shop_id`, `shopname`, `password`, `shop_no`, `area`, `state`, `PINCODE`) VALUES (38, 'Lucious', '7e7a8882', 878, 'New', 'Oregon', 33766);
INSERT INTO `shop` (`shop_id`, `shopname`, `password`, `shop_no`, `area`, `state`, `PINCODE`) VALUES (39, 'Modesto', '0909f8fb', 31422, 'East', 'Michigan', 69932);
INSERT INTO `shop` (`shop_id`, `shopname`, `password`, `shop_no`, `area`, `state`, `PINCODE`) VALUES (40, 'Willis', '92feb3a4', 75098, 'Port', 'Vermont', 34478);
INSERT INTO `shop` (`shop_id`, `shopname`, `password`, `shop_no`, `area`, `state`, `PINCODE`) VALUES (41, 'General', 'd795fc5e', 6997, 'North', 'Missouri', 59297);
INSERT INTO `shop` (`shop_id`, `shopname`, `password`, `shop_no`, `area`, `state`, `PINCODE`) VALUES (42, 'Ryan', '80e8db5e', 930, 'South', 'Tennessee', 71820);
INSERT INTO `shop` (`shop_id`, `shopname`, `password`, `shop_no`, `area`, `state`, `PINCODE`) VALUES (43, 'Trace', 'e870843e', 3249, 'New', 'Pennsylvania', 88434);
INSERT INTO `shop` (`shop_id`, `shopname`, `password`, `shop_no`, `area`, `state`, `PINCODE`) VALUES (44, 'Devan', '61990d46', 87883, 'West', 'Connecticut', 89908);
INSERT INTO `shop` (`shop_id`, `shopname`, `password`, `shop_no`, `area`, `state`, `PINCODE`) VALUES (45, 'Jennings', 'a04e6efc', 94556, 'Lake', 'NorthCarolina', 79096);
INSERT INTO `shop` (`shop_id`, `shopname`, `password`, `shop_no`, `area`, `state`, `PINCODE`) VALUES (46, 'Angel', 'ab8e875b', 85594, 'Port', 'Texas', 8653);
INSERT INTO `shop` (`shop_id`, `shopname`, `password`, `shop_no`, `area`, `state`, `PINCODE`) VALUES (47, 'Lew', 'ec8849e0', 155, 'South', 'Vermont', 3493);
INSERT INTO `shop` (`shop_id`, `shopname`, `password`, `shop_no`, `area`, `state`, `PINCODE`) VALUES (48, 'Joany', 'f81a7469', 8950, 'Port', 'Alaska', 10727);
INSERT INTO `shop` (`shop_id`, `shopname`, `password`, `shop_no`, `area`, `state`, `PINCODE`) VALUES (49, 'Jon', 'b386a29f', 4233, 'New', 'NorthDakota', 16893);
INSERT INTO `shop` (`shop_id`, `shopname`, `password`, `shop_no`, `area`, `state`, `PINCODE`) VALUES (50, 'Ahmed', '8c3789c9', 152, 'Port', 'Nebraska', 91292);
INSERT INTO `shop` (`shop_id`, `shopname`, `password`, `shop_no`, `area`, `state`, `PINCODE`) VALUES (51, 'Westley', '6c7e2b75', 7007, 'West', 'Utah', 23043);
INSERT INTO `shop` (`shop_id`, `shopname`, `password`, `shop_no`, `area`, `state`, `PINCODE`) VALUES (52, 'Karl', '3c16961a', 819, 'Lake', 'Vermont', 2745);
INSERT INTO `shop` (`shop_id`, `shopname`, `password`, `shop_no`, `area`, `state`, `PINCODE`) VALUES (53, 'Manley', '97eec7a8', 945, 'Port', 'Montana', 22349);
INSERT INTO `shop` (`shop_id`, `shopname`, `password`, `shop_no`, `area`, `state`, `PINCODE`) VALUES (54, 'Colby', 'cd59ef76', 864, 'Lake', 'Idaho', 65927);
INSERT INTO `shop` (`shop_id`, `shopname`, `password`, `shop_no`, `area`, `state`, `PINCODE`) VALUES (55, 'Mitchell', 'f9b3e904', 17238, 'Port', 'Texas', 62481);
INSERT INTO `shop` (`shop_id`, `shopname`, `password`, `shop_no`, `area`, `state`, `PINCODE`) VALUES (56, 'Geovany', '53125d3a', 850, 'South', 'Vermont', 43830);
INSERT INTO `shop` (`shop_id`, `shopname`, `password`, `shop_no`, `area`, `state`, `PINCODE`) VALUES (57, 'Devante', '72089f3e', 356, 'Lake', 'Michigan', 51650);
INSERT INTO `shop` (`shop_id`, `shopname`, `password`, `shop_no`, `area`, `state`, `PINCODE`) VALUES (58, 'Emiliano', '13a9f4af', 370, 'New', 'NorthCarolina', 65590);
INSERT INTO `shop` (`shop_id`, `shopname`, `password`, `shop_no`, `area`, `state`, `PINCODE`) VALUES (59, 'Dusty', '5730227f', 80329, 'Port', 'Alabama', 37923);
INSERT INTO `shop` (`shop_id`, `shopname`, `password`, `shop_no`, `area`, `state`, `PINCODE`) VALUES (60, 'Nicklaus', '70c32d37', 33088, 'North', 'Florida', 99242);
INSERT INTO `shop` (`shop_id`, `shopname`, `password`, `shop_no`, `area`, `state`, `PINCODE`) VALUES (61, 'Jeffrey', 'e4f87b61', 9538, 'South', 'Kansas', 6610);
INSERT INTO `shop` (`shop_id`, `shopname`, `password`, `shop_no`, `area`, `state`, `PINCODE`) VALUES (62, 'Jonatan', '0f6537ff', 426, 'New', 'Alabama', 49794);
INSERT INTO `shop` (`shop_id`, `shopname`, `password`, `shop_no`, `area`, `state`, `PINCODE`) VALUES (63, 'Monty', '8f248cd9', 364, 'North', 'Colorado', 75699);
INSERT INTO `shop` (`shop_id`, `shopname`, `password`, `shop_no`, `area`, `state`, `PINCODE`) VALUES (64, 'Porter', 'd73d0796', 5, 'Port', 'Oklahoma', 43945);
INSERT INTO `shop` (`shop_id`, `shopname`, `password`, `shop_no`, `area`, `state`, `PINCODE`) VALUES (65, 'Keagan', 'd4b72e86', 3642, 'Lake', 'Arizona', 51576);
INSERT INTO `shop` (`shop_id`, `shopname`, `password`, `shop_no`, `area`, `state`, `PINCODE`) VALUES (66, 'Erik', 'c8d770a9', 9887, 'Lake', 'Tennessee', 73414);
INSERT INTO `shop` (`shop_id`, `shopname`, `password`, `shop_no`, `area`, `state`, `PINCODE`) VALUES (67, 'Deangelo', '5a39fcaa', 465, 'South', 'Mississippi', 64824);
INSERT INTO `shop` (`shop_id`, `shopname`, `password`, `shop_no`, `area`, `state`, `PINCODE`) VALUES (68, 'Buck', '4112ff8f', 94885, 'South', 'Wyoming', 66864);
INSERT INTO `shop` (`shop_id`, `shopname`, `password`, `shop_no`, `area`, `state`, `PINCODE`) VALUES (69, 'Quinton', '4bed173f', 2256, 'Port', 'Colorado', 91229);
INSERT INTO `shop` (`shop_id`, `shopname`, `password`, `shop_no`, `area`, `state`, `PINCODE`) VALUES (70, 'Emmet', '33fd3010', 850, 'West', 'Florida', 85036);
INSERT INTO `shop` (`shop_id`, `shopname`, `password`, `shop_no`, `area`, `state`, `PINCODE`) VALUES (71, 'Madyson', '40dfcb47', 20422, 'Port', 'SouthCarolina', 12792);
INSERT INTO `shop` (`shop_id`, `shopname`, `password`, `shop_no`, `area`, `state`, `PINCODE`) VALUES (72, 'Lee', 'd45015f2', 7159, 'West', 'Nevada', 88210);
INSERT INTO `shop` (`shop_id`, `shopname`, `password`, `shop_no`, `area`, `state`, `PINCODE`) VALUES (73, 'Eugene', '8653b245', 547, 'East', 'Kansas', 17797);
INSERT INTO `shop` (`shop_id`, `shopname`, `password`, `shop_no`, `area`, `state`, `PINCODE`) VALUES (74, 'Emil', 'ca8a3685', 14972, 'North', 'Michigan', 29624);
INSERT INTO `shop` (`shop_id`, `shopname`, `password`, `shop_no`, `area`, `state`, `PINCODE`) VALUES (75, 'Javier', '70ab8d11', 3609, 'East', 'Utah', 1598);
INSERT INTO `shop` (`shop_id`, `shopname`, `password`, `shop_no`, `area`, `state`, `PINCODE`) VALUES (76, 'Aron', '7743adc6', 585, 'Port', 'Vermont', 60315);
INSERT INTO `shop` (`shop_id`, `shopname`, `password`, `shop_no`, `area`, `state`, `PINCODE`) VALUES (77, 'Braeden', 'cb6f1297', 299, 'East', 'Montana', 77207);
INSERT INTO `shop` (`shop_id`, `shopname`, `password`, `shop_no`, `area`, `state`, `PINCODE`) VALUES (78, 'Boris', 'a3d0d354', 4792, 'New', 'Idaho', 19023);
INSERT INTO `shop` (`shop_id`, `shopname`, `password`, `shop_no`, `area`, `state`, `PINCODE`) VALUES (79, 'Carmine', 'ec19f1fa', 2719, 'Lake', 'NewMexico', 21959);
INSERT INTO `shop` (`shop_id`, `shopname`, `password`, `shop_no`, `area`, `state`, `PINCODE`) VALUES (80, 'Miles', '58e208d3', 3875, 'Port', 'Connecticut', 26188);
INSERT INTO `shop` (`shop_id`, `shopname`, `password`, `shop_no`, `area`, `state`, `PINCODE`) VALUES (81, 'Wendell', 'd7fcbd0e', 8440, 'Lake', 'Colorado', 30219);
INSERT INTO `shop` (`shop_id`, `shopname`, `password`, `shop_no`, `area`, `state`, `PINCODE`) VALUES (82, 'Frankie', 'bbe25ccf', 5845, 'Lake', 'Alabama', 30395);
INSERT INTO `shop` (`shop_id`, `shopname`, `password`, `shop_no`, `area`, `state`, `PINCODE`) VALUES (83, 'Camron', '48a189a4', 753, 'North', 'Oregon', 97528);
INSERT INTO `shop` (`shop_id`, `shopname`, `password`, `shop_no`, `area`, `state`, `PINCODE`) VALUES (84, 'Haley', 'c7d39b81', 84671, 'Lake', 'NorthDakota', 23434);
INSERT INTO `shop` (`shop_id`, `shopname`, `password`, `shop_no`, `area`, `state`, `PINCODE`) VALUES (85, 'Helmer', '25aa3efc', 86, 'North', 'RhodeIsland', 83033);
INSERT INTO `shop` (`shop_id`, `shopname`, `password`, `shop_no`, `area`, `state`, `PINCODE`) VALUES (86, 'Arjun', '6af7d0e2', 4230, 'Port', 'Kansas', 19226);
INSERT INTO `shop` (`shop_id`, `shopname`, `password`, `shop_no`, `area`, `state`, `PINCODE`) VALUES (87, 'Skye', '364baab8', 30488, 'Port', 'Alaska', 12289);
INSERT INTO `shop` (`shop_id`, `shopname`, `password`, `shop_no`, `area`, `state`, `PINCODE`) VALUES (88, 'Cristopher', '6402bf8a', 513, 'West', 'Arizona', 92897);
INSERT INTO `shop` (`shop_id`, `shopname`, `password`, `shop_no`, `area`, `state`, `PINCODE`) VALUES (89, 'Gordon', '15717b3b', 4633, 'Port', 'Wisconsin', 42472);
INSERT INTO `shop` (`shop_id`, `shopname`, `password`, `shop_no`, `area`, `state`, `PINCODE`) VALUES (90, 'Irving', 'ba4cc722', 5081, 'Port', 'Nevada', 43638);
INSERT INTO `shop` (`shop_id`, `shopname`, `password`, `shop_no`, `area`, `state`, `PINCODE`) VALUES (91, 'Ruben', '76bc4f62', 59177, 'East', 'Iowa', 20070);
INSERT INTO `shop` (`shop_id`, `shopname`, `password`, `shop_no`, `area`, `state`, `PINCODE`) VALUES (92, 'Drake', '9620057b', 4359, 'Lake', 'NorthCarolina', 97345);
INSERT INTO `shop` (`shop_id`, `shopname`, `password`, `shop_no`, `area`, `state`, `PINCODE`) VALUES (93, 'Wiley', '40c5133b', 896, 'Port', 'Montana', 49197);
INSERT INTO `shop` (`shop_id`, `shopname`, `password`, `shop_no`, `area`, `state`, `PINCODE`) VALUES (94, 'Matt', 'd4e6e928', 6766, 'South', 'NewYork', 61675);
INSERT INTO `shop` (`shop_id`, `shopname`, `password`, `shop_no`, `area`, `state`, `PINCODE`) VALUES (95, 'Chad', '2479b6a0', 8907, 'East', 'NewHampshire', 39570);
INSERT INTO `shop` (`shop_id`, `shopname`, `password`, `shop_no`, `area`, `state`, `PINCODE`) VALUES (96, 'Wilson', '0cf9f29d', 4334, 'Port', 'SouthCarolina', 3653);
INSERT INTO `shop` (`shop_id`, `shopname`, `password`, `shop_no`, `area`, `state`, `PINCODE`) VALUES (97, 'Lincoln', '10047a37', 270, 'North', 'Kansas', 31429);
INSERT INTO `shop` (`shop_id`, `shopname`, `password`, `shop_no`, `area`, `state`, `PINCODE`) VALUES (98, 'Justus', '7d979c2a', 2685, 'West', 'Tennessee', 37893);
INSERT INTO `shop` (`shop_id`, `shopname`, `password`, `shop_no`, `area`, `state`, `PINCODE`) VALUES (99, 'Patrick', '1dc78f62', 939, 'South', 'NorthCarolina', 44657);
INSERT INTO `shop` (`shop_id`, `shopname`, `password`, `shop_no`, `area`, `state`, `PINCODE`) VALUES (100, 'Johnson', '4860c2c9', 466, 'South', 'Massachusetts', 82094);


INSERT INTO `shop_PhoneNumber` (`shop_id`, `phone_number`) VALUES (1, 1);
INSERT INTO `shop_PhoneNumber` (`shop_id`, `phone_number`) VALUES (1, 67);
INSERT INTO `shop_PhoneNumber` (`shop_id`, `phone_number`) VALUES (2, 164153);
INSERT INTO `shop_PhoneNumber` (`shop_id`, `phone_number`) VALUES (4, 152);
INSERT INTO `shop_PhoneNumber` (`shop_id`, `phone_number`) VALUES (4, 482);
INSERT INTO `shop_PhoneNumber` (`shop_id`, `phone_number`) VALUES (6, 603);
INSERT INTO `shop_PhoneNumber` (`shop_id`, `phone_number`) VALUES (7, 0);
INSERT INTO `shop_PhoneNumber` (`shop_id`, `phone_number`) VALUES (7, 326235);
INSERT INTO `shop_PhoneNumber` (`shop_id`, `phone_number`) VALUES (8, 565043);
INSERT INTO `shop_PhoneNumber` (`shop_id`, `phone_number`) VALUES (8, 963954);
INSERT INTO `shop_PhoneNumber` (`shop_id`, `phone_number`) VALUES (9, 99205);
INSERT INTO `shop_PhoneNumber` (`shop_id`, `phone_number`) VALUES (10, 712271);
INSERT INTO `shop_PhoneNumber` (`shop_id`, `phone_number`) VALUES (10, 403157152);
INSERT INTO `shop_PhoneNumber` (`shop_id`, `phone_number`) VALUES (11, 56);
INSERT INTO `shop_PhoneNumber` (`shop_id`, `phone_number`) VALUES (11, 2105721614);
INSERT INTO `shop_PhoneNumber` (`shop_id`, `phone_number`) VALUES (12, 690287);
INSERT INTO `shop_PhoneNumber` (`shop_id`, `phone_number`) VALUES (12, 731281);
INSERT INTO `shop_PhoneNumber` (`shop_id`, `phone_number`) VALUES (14, 261737);
INSERT INTO `shop_PhoneNumber` (`shop_id`, `phone_number`) VALUES (15, 221);
INSERT INTO `shop_PhoneNumber` (`shop_id`, `phone_number`) VALUES (16, 356);
INSERT INTO `shop_PhoneNumber` (`shop_id`, `phone_number`) VALUES (17, 509159);
INSERT INTO `shop_PhoneNumber` (`shop_id`, `phone_number`) VALUES (18, 455);
INSERT INTO `shop_PhoneNumber` (`shop_id`, `phone_number`) VALUES (21, 60);
INSERT INTO `shop_PhoneNumber` (`shop_id`, `phone_number`) VALUES (21, 331230);
INSERT INTO `shop_PhoneNumber` (`shop_id`, `phone_number`) VALUES (24, 488);
INSERT INTO `shop_PhoneNumber` (`shop_id`, `phone_number`) VALUES (25, 58);
INSERT INTO `shop_PhoneNumber` (`shop_id`, `phone_number`) VALUES (26, 61280);
INSERT INTO `shop_PhoneNumber` (`shop_id`, `phone_number`) VALUES (27, 85);
INSERT INTO `shop_PhoneNumber` (`shop_id`, `phone_number`) VALUES (28, 604759);
INSERT INTO `shop_PhoneNumber` (`shop_id`, `phone_number`) VALUES (29, 841);
INSERT INTO `shop_PhoneNumber` (`shop_id`, `phone_number`) VALUES (29, 808933);
INSERT INTO `shop_PhoneNumber` (`shop_id`, `phone_number`) VALUES (32, 1014075671);
INSERT INTO `shop_PhoneNumber` (`shop_id`, `phone_number`) VALUES (33, 965168);
INSERT INTO `shop_PhoneNumber` (`shop_id`, `phone_number`) VALUES (34, 462615);
INSERT INTO `shop_PhoneNumber` (`shop_id`, `phone_number`) VALUES (35, 311226);
INSERT INTO `shop_PhoneNumber` (`shop_id`, `phone_number`) VALUES (36, 2147483647);
INSERT INTO `shop_PhoneNumber` (`shop_id`, `phone_number`) VALUES (37, 815);
INSERT INTO `shop_PhoneNumber` (`shop_id`, `phone_number`) VALUES (37, 365773);
INSERT INTO `shop_PhoneNumber` (`shop_id`, `phone_number`) VALUES (38, 796);
INSERT INTO `shop_PhoneNumber` (`shop_id`, `phone_number`) VALUES (39, 966);
INSERT INTO `shop_PhoneNumber` (`shop_id`, `phone_number`) VALUES (39, 1032546017);
INSERT INTO `shop_PhoneNumber` (`shop_id`, `phone_number`) VALUES (40, 5);
INSERT INTO `shop_PhoneNumber` (`shop_id`, `phone_number`) VALUES (41, 902);
INSERT INTO `shop_PhoneNumber` (`shop_id`, `phone_number`) VALUES (42, 545);
INSERT INTO `shop_PhoneNumber` (`shop_id`, `phone_number`) VALUES (42, 649423);
INSERT INTO `shop_PhoneNumber` (`shop_id`, `phone_number`) VALUES (43, 908);
INSERT INTO `shop_PhoneNumber` (`shop_id`, `phone_number`) VALUES (45, 38);
INSERT INTO `shop_PhoneNumber` (`shop_id`, `phone_number`) VALUES (45, 818);
INSERT INTO `shop_PhoneNumber` (`shop_id`, `phone_number`) VALUES (46, 395);
INSERT INTO `shop_PhoneNumber` (`shop_id`, `phone_number`) VALUES (46, 938);
INSERT INTO `shop_PhoneNumber` (`shop_id`, `phone_number`) VALUES (47, 807570);
INSERT INTO `shop_PhoneNumber` (`shop_id`, `phone_number`) VALUES (47, 346276581);
INSERT INTO `shop_PhoneNumber` (`shop_id`, `phone_number`) VALUES (48, 642);
INSERT INTO `shop_PhoneNumber` (`shop_id`, `phone_number`) VALUES (49, 796917);
INSERT INTO `shop_PhoneNumber` (`shop_id`, `phone_number`) VALUES (49, 893044);
INSERT INTO `shop_PhoneNumber` (`shop_id`, `phone_number`) VALUES (50, 316394);
INSERT INTO `shop_PhoneNumber` (`shop_id`, `phone_number`) VALUES (54, 556);
INSERT INTO `shop_PhoneNumber` (`shop_id`, `phone_number`) VALUES (55, 205643);
INSERT INTO `shop_PhoneNumber` (`shop_id`, `phone_number`) VALUES (57, 825);
INSERT INTO `shop_PhoneNumber` (`shop_id`, `phone_number`) VALUES (58, 307);
INSERT INTO `shop_PhoneNumber` (`shop_id`, `phone_number`) VALUES (59, 937);
INSERT INTO `shop_PhoneNumber` (`shop_id`, `phone_number`) VALUES (60, 37);
INSERT INTO `shop_PhoneNumber` (`shop_id`, `phone_number`) VALUES (60, 716);
INSERT INTO `shop_PhoneNumber` (`shop_id`, `phone_number`) VALUES (61, 399025);
INSERT INTO `shop_PhoneNumber` (`shop_id`, `phone_number`) VALUES (63, 993);
INSERT INTO `shop_PhoneNumber` (`shop_id`, `phone_number`) VALUES (65, 855);
INSERT INTO `shop_PhoneNumber` (`shop_id`, `phone_number`) VALUES (66, 255);
INSERT INTO `shop_PhoneNumber` (`shop_id`, `phone_number`) VALUES (67, 132343);
INSERT INTO `shop_PhoneNumber` (`shop_id`, `phone_number`) VALUES (68, 50);
INSERT INTO `shop_PhoneNumber` (`shop_id`, `phone_number`) VALUES (68, 956);
INSERT INTO `shop_PhoneNumber` (`shop_id`, `phone_number`) VALUES (69, 885010);
INSERT INTO `shop_PhoneNumber` (`shop_id`, `phone_number`) VALUES (70, 12);
INSERT INTO `shop_PhoneNumber` (`shop_id`, `phone_number`) VALUES (71, 370);
INSERT INTO `shop_PhoneNumber` (`shop_id`, `phone_number`) VALUES (72, 169);
INSERT INTO `shop_PhoneNumber` (`shop_id`, `phone_number`) VALUES (72, 369453);
INSERT INTO `shop_PhoneNumber` (`shop_id`, `phone_number`) VALUES (76, 789133);
INSERT INTO `shop_PhoneNumber` (`shop_id`, `phone_number`) VALUES (77, 93);
INSERT INTO `shop_PhoneNumber` (`shop_id`, `phone_number`) VALUES (78, 980);
INSERT INTO `shop_PhoneNumber` (`shop_id`, `phone_number`) VALUES (79, 943426);
INSERT INTO `shop_PhoneNumber` (`shop_id`, `phone_number`) VALUES (80, 9);
INSERT INTO `shop_PhoneNumber` (`shop_id`, `phone_number`) VALUES (80, 108);
INSERT INTO `shop_PhoneNumber` (`shop_id`, `phone_number`) VALUES (83, 76);
INSERT INTO `shop_PhoneNumber` (`shop_id`, `phone_number`) VALUES (84, 201773);
INSERT INTO `shop_PhoneNumber` (`shop_id`, `phone_number`) VALUES (85, 657);
INSERT INTO `shop_PhoneNumber` (`shop_id`, `phone_number`) VALUES (88, 181979);
INSERT INTO `shop_PhoneNumber` (`shop_id`, `phone_number`) VALUES (89, 728);
INSERT INTO `shop_PhoneNumber` (`shop_id`, `phone_number`) VALUES (89, 887614);
INSERT INTO `shop_PhoneNumber` (`shop_id`, `phone_number`) VALUES (91, 84);
INSERT INTO `shop_PhoneNumber` (`shop_id`, `phone_number`) VALUES (92, 524046);
INSERT INTO `shop_PhoneNumber` (`shop_id`, `phone_number`) VALUES (93, 727);
INSERT INTO `shop_PhoneNumber` (`shop_id`, `phone_number`) VALUES (93, 358929);
INSERT INTO `shop_PhoneNumber` (`shop_id`, `phone_number`) VALUES (94, 658398);
INSERT INTO `shop_PhoneNumber` (`shop_id`, `phone_number`) VALUES (95, 51);
INSERT INTO `shop_PhoneNumber` (`shop_id`, `phone_number`) VALUES (95, 959724);
INSERT INTO `shop_PhoneNumber` (`shop_id`, `phone_number`) VALUES (96, 18);
INSERT INTO `shop_PhoneNumber` (`shop_id`, `phone_number`) VALUES (97, 800);
INSERT INTO `shop_PhoneNumber` (`shop_id`, `phone_number`) VALUES (98, 204);
INSERT INTO `shop_PhoneNumber` (`shop_id`, `phone_number`) VALUES (98, 204939);
INSERT INTO `shop_PhoneNumber` (`shop_id`, `phone_number`) VALUES (99, 59);
INSERT INTO `shop_PhoneNumber` (`shop_id`, `phone_number`) VALUES (99, 578225);
INSERT INTO `shop_PhoneNumber` (`shop_id`, `phone_number`) VALUES (100, 89);
INSERT INTO `shop_PhoneNumber` (`shop_id`, `phone_number`) VALUES (100, 853004);


INSERT INTO `product_entity` (`P_id`, `P_name`, `Categories`, `Price`, `Quantity`, `shop_id`) VALUES (1, 'vtli', 'jiok', '2869.39', 3, 1);
INSERT INTO `product_entity` (`P_id`, `P_name`, `Categories`, `Price`, `Quantity`, `shop_id`) VALUES (2, 'vjjh', 'woyq', '3407.39', 131, 2);
INSERT INTO `product_entity` (`P_id`, `P_name`, `Categories`, `Price`, `Quantity`, `shop_id`) VALUES (3, 'xivj', 'oxsl', '1590.79', 91, 3);
INSERT INTO `product_entity` (`P_id`, `P_name`, `Categories`, `Price`, `Quantity`, `shop_id`) VALUES (4, 'qiqq', 'mloz', '8791.68', 88, 4);
INSERT INTO `product_entity` (`P_id`, `P_name`, `Categories`, `Price`, `Quantity`, `shop_id`) VALUES (5, 'beqc', 'bbcy', '8927.12', 32, 5);
INSERT INTO `product_entity` (`P_id`, `P_name`, `Categories`, `Price`, `Quantity`, `shop_id`) VALUES (6, 'ehhw', 'zlhg', '9428.16', 100, 6);
INSERT INTO `product_entity` (`P_id`, `P_name`, `Categories`, `Price`, `Quantity`, `shop_id`) VALUES (7, 'eanx', 'aleb', '4672.04', 64, 7);
INSERT INTO `product_entity` (`P_id`, `P_name`, `Categories`, `Price`, `Quantity`, `shop_id`) VALUES (8, 'tuic', 'jnqu', '4542.76', 11, 8);
INSERT INTO `product_entity` (`P_id`, `P_name`, `Categories`, `Price`, `Quantity`, `shop_id`) VALUES (9, 'fmhc', 'edmu', '6500.93', 162, 9);
INSERT INTO `product_entity` (`P_id`, `P_name`, `Categories`, `Price`, `Quantity`, `shop_id`) VALUES (10, 'jgbl', 'loeh', '7657.00', 175, 10);
INSERT INTO `product_entity` (`P_id`, `P_name`, `Categories`, `Price`, `Quantity`, `shop_id`) VALUES (11, 'xhdp', 'yiat', '6641.50', 197, 11);
INSERT INTO `product_entity` (`P_id`, `P_name`, `Categories`, `Price`, `Quantity`, `shop_id`) VALUES (12, 'gaoj', 'nubf', '8270.20', 26, 12);
INSERT INTO `product_entity` (`P_id`, `P_name`, `Categories`, `Price`, `Quantity`, `shop_id`) VALUES (13, 'otsv', 'yjqe', '2943.37', 104, 13);
INSERT INTO `product_entity` (`P_id`, `P_name`, `Categories`, `Price`, `Quantity`, `shop_id`) VALUES (14, 'ilwl', 'mksg', '5800.00', 47, 14);
INSERT INTO `product_entity` (`P_id`, `P_name`, `Categories`, `Price`, `Quantity`, `shop_id`) VALUES (15, 'scod', 'oqjd', '5944.86', 38, 15);
INSERT INTO `product_entity` (`P_id`, `P_name`, `Categories`, `Price`, `Quantity`, `shop_id`) VALUES (16, 'twvp', 'booh', '7582.97', 64, 16);
INSERT INTO `product_entity` (`P_id`, `P_name`, `Categories`, `Price`, `Quantity`, `shop_id`) VALUES (17, 'dsbh', 'entx', '5547.66', 170, 17);
INSERT INTO `product_entity` (`P_id`, `P_name`, `Categories`, `Price`, `Quantity`, `shop_id`) VALUES (18, 'rpvy', 'oxav', '6493.71', 14, 18);
INSERT INTO `product_entity` (`P_id`, `P_name`, `Categories`, `Price`, `Quantity`, `shop_id`) VALUES (19, 'mhvo', 'fjeq', '9844.80', 19, 19);
INSERT INTO `product_entity` (`P_id`, `P_name`, `Categories`, `Price`, `Quantity`, `shop_id`) VALUES (20, 'btyb', 'eakp', '5270.62', 1, 20);
INSERT INTO `product_entity` (`P_id`, `P_name`, `Categories`, `Price`, `Quantity`, `shop_id`) VALUES (21, 'qqhg', 'brwh', '5815.28', 103, 21);
INSERT INTO `product_entity` (`P_id`, `P_name`, `Categories`, `Price`, `Quantity`, `shop_id`) VALUES (22, 'fuoh', 'iowb', '5169.30', 30, 22);
INSERT INTO `product_entity` (`P_id`, `P_name`, `Categories`, `Price`, `Quantity`, `shop_id`) VALUES (23, 'qzho', 'ipkv', '3574.58', 26, 23);
INSERT INTO `product_entity` (`P_id`, `P_name`, `Categories`, `Price`, `Quantity`, `shop_id`) VALUES (24, 'woju', 'zblk', '5515.18', 17, 24);
INSERT INTO `product_entity` (`P_id`, `P_name`, `Categories`, `Price`, `Quantity`, `shop_id`) VALUES (25, 'sbqm', 'ielr', '5588.32', 42, 25);
INSERT INTO `product_entity` (`P_id`, `P_name`, `Categories`, `Price`, `Quantity`, `shop_id`) VALUES (26, 'nclr', 'nklw', '7124.00', 95, 26);
INSERT INTO `product_entity` (`P_id`, `P_name`, `Categories`, `Price`, `Quantity`, `shop_id`) VALUES (27, 'xyju', 'mggc', '3542.36', 49, 27);
INSERT INTO `product_entity` (`P_id`, `P_name`, `Categories`, `Price`, `Quantity`, `shop_id`) VALUES (28, 'aldk', 'dxiu', '568.63', 13, 28);
INSERT INTO `product_entity` (`P_id`, `P_name`, `Categories`, `Price`, `Quantity`, `shop_id`) VALUES (29, 'kagh', 'tlzg', '4765.69', 54, 29);
INSERT INTO `product_entity` (`P_id`, `P_name`, `Categories`, `Price`, `Quantity`, `shop_id`) VALUES (30, 'htvj', 'ugzh', '6964.87', 178, 30);
INSERT INTO `product_entity` (`P_id`, `P_name`, `Categories`, `Price`, `Quantity`, `shop_id`) VALUES (31, 'bccr', 'oqvc', '7823.45', 176, 31);
INSERT INTO `product_entity` (`P_id`, `P_name`, `Categories`, `Price`, `Quantity`, `shop_id`) VALUES (32, 'yfse', 'iijz', '7621.66', 164, 32);
INSERT INTO `product_entity` (`P_id`, `P_name`, `Categories`, `Price`, `Quantity`, `shop_id`) VALUES (33, 'rcdk', 'ectu', '1116.18', 111, 33);
INSERT INTO `product_entity` (`P_id`, `P_name`, `Categories`, `Price`, `Quantity`, `shop_id`) VALUES (34, 'bsvt', 'vixy', '7604.60', 108, 34);
INSERT INTO `product_entity` (`P_id`, `P_name`, `Categories`, `Price`, `Quantity`, `shop_id`) VALUES (35, 'rbml', 'duss', '2595.40', 33, 35);
INSERT INTO `product_entity` (`P_id`, `P_name`, `Categories`, `Price`, `Quantity`, `shop_id`) VALUES (36, 'gyhr', 'dnea', '3630.05', 89, 36);
INSERT INTO `product_entity` (`P_id`, `P_name`, `Categories`, `Price`, `Quantity`, `shop_id`) VALUES (37, 'awwe', 'icjg', '659.00', 59, 37);
INSERT INTO `product_entity` (`P_id`, `P_name`, `Categories`, `Price`, `Quantity`, `shop_id`) VALUES (38, 'lxkv', 'cqgc', '2941.44', 15, 38);
INSERT INTO `product_entity` (`P_id`, `P_name`, `Categories`, `Price`, `Quantity`, `shop_id`) VALUES (39, 'blnm', 'spcr', '1573.60', 182, 39);
INSERT INTO `product_entity` (`P_id`, `P_name`, `Categories`, `Price`, `Quantity`, `shop_id`) VALUES (40, 'pykc', 'rfxu', '9273.00', 182, 40);
INSERT INTO `product_entity` (`P_id`, `P_name`, `Categories`, `Price`, `Quantity`, `shop_id`) VALUES (41, 'vmqs', 'mzkc', '1539.92', 147, 41);
INSERT INTO `product_entity` (`P_id`, `P_name`, `Categories`, `Price`, `Quantity`, `shop_id`) VALUES (42, 'ggbc', 'rtqz', '8977.91', 87, 42);
INSERT INTO `product_entity` (`P_id`, `P_name`, `Categories`, `Price`, `Quantity`, `shop_id`) VALUES (43, 'kohx', 'kcas', '5758.54', 131, 43);
INSERT INTO `product_entity` (`P_id`, `P_name`, `Categories`, `Price`, `Quantity`, `shop_id`) VALUES (44, 'zvjw', 'ngnx', '1997.55', 135, 44);
INSERT INTO `product_entity` (`P_id`, `P_name`, `Categories`, `Price`, `Quantity`, `shop_id`) VALUES (45, 'nhen', 'bkpe', '9678.00', 104, 45);
INSERT INTO `product_entity` (`P_id`, `P_name`, `Categories`, `Price`, `Quantity`, `shop_id`) VALUES (46, 'qexm', 'lszy', '3767.44', 176, 46);
INSERT INTO `product_entity` (`P_id`, `P_name`, `Categories`, `Price`, `Quantity`, `shop_id`) VALUES (47, 'kmfn', 'lgpo', '6014.20', 22, 47);
INSERT INTO `product_entity` (`P_id`, `P_name`, `Categories`, `Price`, `Quantity`, `shop_id`) VALUES (48, 'yetq', 'liim', '9507.13', 117, 48);
INSERT INTO `product_entity` (`P_id`, `P_name`, `Categories`, `Price`, `Quantity`, `shop_id`) VALUES (49, 'jtkk', 'mqzd', '3184.63', 193, 49);
INSERT INTO `product_entity` (`P_id`, `P_name`, `Categories`, `Price`, `Quantity`, `shop_id`) VALUES (50, 'wfhx', 'jzuf', '3827.00', 170, 50);
INSERT INTO `product_entity` (`P_id`, `P_name`, `Categories`, `Price`, `Quantity`, `shop_id`) VALUES (51, 'fqrn', 'alom', '9833.06', 97, 51);
INSERT INTO `product_entity` (`P_id`, `P_name`, `Categories`, `Price`, `Quantity`, `shop_id`) VALUES (52, 'muxp', 'hxtz', '2748.90', 102, 52);
INSERT INTO `product_entity` (`P_id`, `P_name`, `Categories`, `Price`, `Quantity`, `shop_id`) VALUES (53, 'fngi', 'pbzj', '8674.85', 164, 53);
INSERT INTO `product_entity` (`P_id`, `P_name`, `Categories`, `Price`, `Quantity`, `shop_id`) VALUES (54, 'xgri', 'zuif', '3365.00', 66, 54);
INSERT INTO `product_entity` (`P_id`, `P_name`, `Categories`, `Price`, `Quantity`, `shop_id`) VALUES (55, 'zcoj', 'ipow', '6646.55', 188, 55);
INSERT INTO `product_entity` (`P_id`, `P_name`, `Categories`, `Price`, `Quantity`, `shop_id`) VALUES (56, 'wqjy', 'tfge', '1547.10', 184, 56);
INSERT INTO `product_entity` (`P_id`, `P_name`, `Categories`, `Price`, `Quantity`, `shop_id`) VALUES (57, 'etqj', 'jyxf', '1087.88', 43, 57);
INSERT INTO `product_entity` (`P_id`, `P_name`, `Categories`, `Price`, `Quantity`, `shop_id`) VALUES (58, 'iecf', 'wyna', '4103.35', 107, 58);
INSERT INTO `product_entity` (`P_id`, `P_name`, `Categories`, `Price`, `Quantity`, `shop_id`) VALUES (59, 'zmix', 'edvg', '5204.92', 104, 59);
INSERT INTO `product_entity` (`P_id`, `P_name`, `Categories`, `Price`, `Quantity`, `shop_id`) VALUES (60, 'gyjy', 'edhw', '9596.65', 27, 60);
INSERT INTO `product_entity` (`P_id`, `P_name`, `Categories`, `Price`, `Quantity`, `shop_id`) VALUES (61, 'oece', 'tqkx', '814.38', 192, 61);
INSERT INTO `product_entity` (`P_id`, `P_name`, `Categories`, `Price`, `Quantity`, `shop_id`) VALUES (62, 'zqlp', 'yuhx', '6079.94', 39, 62);
INSERT INTO `product_entity` (`P_id`, `P_name`, `Categories`, `Price`, `Quantity`, `shop_id`) VALUES (63, 'lflv', 'plxl', '5254.00', 42, 63);
INSERT INTO `product_entity` (`P_id`, `P_name`, `Categories`, `Price`, `Quantity`, `shop_id`) VALUES (64, 'aopf', 'pbyp', '1444.30', 51, 64);
INSERT INTO `product_entity` (`P_id`, `P_name`, `Categories`, `Price`, `Quantity`, `shop_id`) VALUES (65, 'ysrb', 'gzif', '6517.97', 137, 65);
INSERT INTO `product_entity` (`P_id`, `P_name`, `Categories`, `Price`, `Quantity`, `shop_id`) VALUES (66, 'iguw', 'jeke', '9714.19', 119, 66);
INSERT INTO `product_entity` (`P_id`, `P_name`, `Categories`, `Price`, `Quantity`, `shop_id`) VALUES (67, 'jobg', 'odsj', '6489.40', 48, 67);
INSERT INTO `product_entity` (`P_id`, `P_name`, `Categories`, `Price`, `Quantity`, `shop_id`) VALUES (68, 'ohmq', 'dcmf', '127.30', 163, 68);
INSERT INTO `product_entity` (`P_id`, `P_name`, `Categories`, `Price`, `Quantity`, `shop_id`) VALUES (69, 'kzqp', 'hyrr', '602.50', 113, 69);
INSERT INTO `product_entity` (`P_id`, `P_name`, `Categories`, `Price`, `Quantity`, `shop_id`) VALUES (70, 'cilh', 'arqp', '6257.20', 189, 70);
INSERT INTO `product_entity` (`P_id`, `P_name`, `Categories`, `Price`, `Quantity`, `shop_id`) VALUES (71, 'qdhl', 'bjcu', '387.95', 152, 71);
INSERT INTO `product_entity` (`P_id`, `P_name`, `Categories`, `Price`, `Quantity`, `shop_id`) VALUES (72, 'mkns', 'uvwo', '1633.38', 3, 72);
INSERT INTO `product_entity` (`P_id`, `P_name`, `Categories`, `Price`, `Quantity`, `shop_id`) VALUES (73, 'ietx', 'kdqz', '91.54', 86, 73);
INSERT INTO `product_entity` (`P_id`, `P_name`, `Categories`, `Price`, `Quantity`, `shop_id`) VALUES (74, 'tuek', 'adlc', '8227.00', 20, 74);
INSERT INTO `product_entity` (`P_id`, `P_name`, `Categories`, `Price`, `Quantity`, `shop_id`) VALUES (75, 'pesl', 'cijm', '7557.00', 164, 75);
INSERT INTO `product_entity` (`P_id`, `P_name`, `Categories`, `Price`, `Quantity`, `shop_id`) VALUES (76, 'hkmg', 'rqwy', '8808.00', 154, 76);
INSERT INTO `product_entity` (`P_id`, `P_name`, `Categories`, `Price`, `Quantity`, `shop_id`) VALUES (77, 'rreh', 'xpef', '4632.71', 101, 77);
INSERT INTO `product_entity` (`P_id`, `P_name`, `Categories`, `Price`, `Quantity`, `shop_id`) VALUES (78, 'nkxu', 'vjcg', '5636.00', 82, 78);
INSERT INTO `product_entity` (`P_id`, `P_name`, `Categories`, `Price`, `Quantity`, `shop_id`) VALUES (79, 'nusp', 'dlsg', '1285.83', 174, 79);
INSERT INTO `product_entity` (`P_id`, `P_name`, `Categories`, `Price`, `Quantity`, `shop_id`) VALUES (80, 'fpds', 'jgth', '7937.03', 113, 80);
INSERT INTO `product_entity` (`P_id`, `P_name`, `Categories`, `Price`, `Quantity`, `shop_id`) VALUES (81, 'ptde', 'chsx', '4380.53', 42, 81);
INSERT INTO `product_entity` (`P_id`, `P_name`, `Categories`, `Price`, `Quantity`, `shop_id`) VALUES (82, 'xeub', 'cfsd', '9645.40', 55, 82);
INSERT INTO `product_entity` (`P_id`, `P_name`, `Categories`, `Price`, `Quantity`, `shop_id`) VALUES (83, 'vpiq', 'dgpp', '1912.43', 81, 83);
INSERT INTO `product_entity` (`P_id`, `P_name`, `Categories`, `Price`, `Quantity`, `shop_id`) VALUES (84, 'ueqs', 'jwsu', '6149.30', 170, 84);
INSERT INTO `product_entity` (`P_id`, `P_name`, `Categories`, `Price`, `Quantity`, `shop_id`) VALUES (85, 'xfkl', 'fsbp', '166.90', 84, 85);
INSERT INTO `product_entity` (`P_id`, `P_name`, `Categories`, `Price`, `Quantity`, `shop_id`) VALUES (86, 'mnpw', 'fmbs', '3792.00', 51, 86);
INSERT INTO `product_entity` (`P_id`, `P_name`, `Categories`, `Price`, `Quantity`, `shop_id`) VALUES (87, 'arml', 'degc', '4735.59', 6, 87);
INSERT INTO `product_entity` (`P_id`, `P_name`, `Categories`, `Price`, `Quantity`, `shop_id`) VALUES (88, 'phap', 'znrs', '3996.39', 11, 88);
INSERT INTO `product_entity` (`P_id`, `P_name`, `Categories`, `Price`, `Quantity`, `shop_id`) VALUES (89, 'jinn', 'ilyf', '3239.87', 117, 89);
INSERT INTO `product_entity` (`P_id`, `P_name`, `Categories`, `Price`, `Quantity`, `shop_id`) VALUES (90, 'rfyw', 'ivme', '7885.70', 118, 90);
INSERT INTO `product_entity` (`P_id`, `P_name`, `Categories`, `Price`, `Quantity`, `shop_id`) VALUES (91, 'nfur', 'ssrm', '9117.00', 75, 91);
INSERT INTO `product_entity` (`P_id`, `P_name`, `Categories`, `Price`, `Quantity`, `shop_id`) VALUES (92, 'zzkx', 'ihet', '5968.46', 196, 92);
INSERT INTO `product_entity` (`P_id`, `P_name`, `Categories`, `Price`, `Quantity`, `shop_id`) VALUES (93, 'gwlm', 'xhww', '4771.01', 32, 93);
INSERT INTO `product_entity` (`P_id`, `P_name`, `Categories`, `Price`, `Quantity`, `shop_id`) VALUES (94, 'qobb', 'nvzt', '4534.70', 102, 94);
INSERT INTO `product_entity` (`P_id`, `P_name`, `Categories`, `Price`, `Quantity`, `shop_id`) VALUES (95, 'yscm', 'bpha', '6000.82', 148, 95);
INSERT INTO `product_entity` (`P_id`, `P_name`, `Categories`, `Price`, `Quantity`, `shop_id`) VALUES (96, 'ivsi', 'yoqj', '4772.00', 31, 96);
INSERT INTO `product_entity` (`P_id`, `P_name`, `Categories`, `Price`, `Quantity`, `shop_id`) VALUES (97, 'fbos', 'cdso', '1126.00', 69, 97);
INSERT INTO `product_entity` (`P_id`, `P_name`, `Categories`, `Price`, `Quantity`, `shop_id`) VALUES (98, 'hhsw', 'ftaw', '5050.90', 154, 98);
INSERT INTO `product_entity` (`P_id`, `P_name`, `Categories`, `Price`, `Quantity`, `shop_id`) VALUES (99, 'wrbe', 'anhg', '8653.93', 144, 99);
INSERT INTO `product_entity` (`P_id`, `P_name`, `Categories`, `Price`, `Quantity`, `shop_id`) VALUES (100, 'ywhp', 'mqyv', '5033.80', 154, 100);
INSERT INTO `product_entity` (`P_id`, `P_name`, `Categories`, `Price`, `Quantity`, `shop_id`) VALUES (101, 'vtlii', 'jioki', '2869.39', 3, 1);
INSERT INTO `product_entity` (`P_id`, `P_name`, `Categories`, `Price`, `Quantity`, `shop_id`) VALUES (102, 'vjjhi', 'woyqi', '3407.39', 131, 2);
INSERT INTO `product_entity` (`P_id`, `P_name`, `Categories`, `Price`, `Quantity`, `shop_id`) VALUES (103, 'xivji', 'oxsli', '1590.79', 91, 3);
INSERT INTO `product_entity` (`P_id`, `P_name`, `Categories`, `Price`, `Quantity`, `shop_id`) VALUES (104, 'qiqqi', 'mlozi', '8791.68', 88, 4);
INSERT INTO `product_entity` (`P_id`, `P_name`, `Categories`, `Price`, `Quantity`, `shop_id`) VALUES (105, 'beqci', 'bbcyi', '8927.12', 32, 5);
INSERT INTO `product_entity` (`P_id`, `P_name`, `Categories`, `Price`, `Quantity`, `shop_id`) VALUES (106, 'ehhwi', 'zlhgi', '9428.16', 100, 6);
INSERT INTO `product_entity` (`P_id`, `P_name`, `Categories`, `Price`, `Quantity`, `shop_id`) VALUES (107, 'eanxi', 'alebi', '4672.04', 64, 7);
INSERT INTO `product_entity` (`P_id`, `P_name`, `Categories`, `Price`, `Quantity`, `shop_id`) VALUES (108, 'tuici', 'jnqui', '4542.76', 11, 8);
INSERT INTO `product_entity` (`P_id`, `P_name`, `Categories`, `Price`, `Quantity`, `shop_id`) VALUES (109, 'fmhci', 'edmui', '6500.93', 162, 9);
INSERT INTO `product_entity` (`P_id`, `P_name`, `Categories`, `Price`, `Quantity`, `shop_id`) VALUES (110, 'jgbli', 'loehi', '7657.00', 175, 10);

INSERT INTO `cart_entity` (`super_user_id`, `T_price`) VALUES (1,  '0.00');
INSERT INTO `cart_entity` (`super_user_id`, `T_price`) VALUES (2,  '0.00');
INSERT INTO `cart_entity` (`super_user_id`, `T_price`) VALUES (3,  '0.00');
INSERT INTO `cart_entity` (`super_user_id`, `T_price`) VALUES (4,  '0.00');
INSERT INTO `cart_entity` (`super_user_id`, `T_price`) VALUES (5,  '0.00');
INSERT INTO `cart_entity` (`super_user_id`, `T_price`) VALUES (6,  '0.00');
INSERT INTO `cart_entity` (`super_user_id`, `T_price`) VALUES (7,  '0.00');
INSERT INTO `cart_entity` (`super_user_id`, `T_price`) VALUES (8,  '0.00');
INSERT INTO `cart_entity` (`super_user_id`, `T_price`) VALUES (9,  '0.00');
INSERT INTO `cart_entity` (`super_user_id`, `T_price`) VALUES (10,  '0.00');
INSERT INTO `cart_entity` (`super_user_id`, `T_price`) VALUES (11,  '0.00');
INSERT INTO `cart_entity` (`super_user_id`, `T_price`) VALUES (12,  '0.00');
INSERT INTO `cart_entity` (`super_user_id`, `T_price`) VALUES (13,  '0.00');
INSERT INTO `cart_entity` (`super_user_id`, `T_price`) VALUES (14,  '0.00');
INSERT INTO `cart_entity` (`super_user_id`, `T_price`) VALUES (15,  '0.00');
INSERT INTO `cart_entity` (`super_user_id`, `T_price`) VALUES (16,  '0.00');
INSERT INTO `cart_entity` (`super_user_id`, `T_price`) VALUES (17,  '0.00');
INSERT INTO `cart_entity` (`super_user_id`, `T_price`) VALUES (18,  '0.00');
INSERT INTO `cart_entity` (`super_user_id`, `T_price`) VALUES (19,  '0.00');
INSERT INTO `cart_entity` (`super_user_id`, `T_price`) VALUES (20,  '0.00');
INSERT INTO `cart_entity` (`super_user_id`, `T_price`) VALUES (21,  '0.00');
INSERT INTO `cart_entity` (`super_user_id`, `T_price`) VALUES (22,  '0.00');
INSERT INTO `cart_entity` (`super_user_id`, `T_price`) VALUES (23,  '0.00');
INSERT INTO `cart_entity` (`super_user_id`, `T_price`) VALUES (24,  '0.00');
INSERT INTO `cart_entity` (`super_user_id`, `T_price`) VALUES (25,  '0.00');
INSERT INTO `cart_entity` (`super_user_id`, `T_price`) VALUES (26,  '0.00');
INSERT INTO `cart_entity` (`super_user_id`, `T_price`) VALUES (27,  '0.00');
INSERT INTO `cart_entity` (`super_user_id`, `T_price`) VALUES (28,  '0.00');
INSERT INTO `cart_entity` (`super_user_id`, `T_price`) VALUES (29,  '0.00');
INSERT INTO `cart_entity` (`super_user_id`, `T_price`) VALUES (30,  '0.00');
INSERT INTO `cart_entity` (`super_user_id`, `T_price`) VALUES (31,  '0.00');
INSERT INTO `cart_entity` (`super_user_id`, `T_price`) VALUES (32,  '0.00');
INSERT INTO `cart_entity` (`super_user_id`, `T_price`) VALUES (33,  '0.00');
INSERT INTO `cart_entity` (`super_user_id`, `T_price`) VALUES (34,  '0.00');
INSERT INTO `cart_entity` (`super_user_id`, `T_price`) VALUES (35,  '0.00');
INSERT INTO `cart_entity` (`super_user_id`, `T_price`) VALUES (36,  '0.00');
INSERT INTO `cart_entity` (`super_user_id`, `T_price`) VALUES (37,  '0.00');
INSERT INTO `cart_entity` (`super_user_id`, `T_price`) VALUES (38,  '0.00');
INSERT INTO `cart_entity` (`super_user_id`, `T_price`) VALUES (39,  '0.00');
INSERT INTO `cart_entity` (`super_user_id`, `T_price`) VALUES (40,  '0.00');
INSERT INTO `cart_entity` (`super_user_id`, `T_price`) VALUES (41,  '0.00');
INSERT INTO `cart_entity` (`super_user_id`, `T_price`) VALUES (42,  '0.00');
INSERT INTO `cart_entity` (`super_user_id`, `T_price`) VALUES (43,  '0.00');
INSERT INTO `cart_entity` (`super_user_id`, `T_price`) VALUES (44,  '0.00');
INSERT INTO `cart_entity` (`super_user_id`, `T_price`) VALUES (45,  '0.00');
INSERT INTO `cart_entity` (`super_user_id`, `T_price`) VALUES (46,  '0.00');
INSERT INTO `cart_entity` (`super_user_id`, `T_price`) VALUES (47,  '0.00');
INSERT INTO `cart_entity` (`super_user_id`, `T_price`) VALUES (48,  '0.00');
INSERT INTO `cart_entity` (`super_user_id`, `T_price`) VALUES (49,  '0.00');
INSERT INTO `cart_entity` (`super_user_id`, `T_price`) VALUES (50,  '0.00');
INSERT INTO `cart_entity` (`super_user_id`, `T_price`) VALUES (51,  '0.00');
INSERT INTO `cart_entity` (`super_user_id`, `T_price`) VALUES (52,  '0.00');
INSERT INTO `cart_entity` (`super_user_id`, `T_price`) VALUES (53,  '0.00');
INSERT INTO `cart_entity` (`super_user_id`, `T_price`) VALUES (54,  '0.00');
INSERT INTO `cart_entity` (`super_user_id`, `T_price`) VALUES (55,  '0.00');
INSERT INTO `cart_entity` (`super_user_id`, `T_price`) VALUES (56,  '0.00');
INSERT INTO `cart_entity` (`super_user_id`, `T_price`) VALUES (57,  '0.00');
INSERT INTO `cart_entity` (`super_user_id`, `T_price`) VALUES (58,  '0.00');
INSERT INTO `cart_entity` (`super_user_id`, `T_price`) VALUES (59,  '0.00');
INSERT INTO `cart_entity` (`super_user_id`, `T_price`) VALUES (60,  '0.00');
INSERT INTO `cart_entity` (`super_user_id`, `T_price`) VALUES (61,  '0.00');
INSERT INTO `cart_entity` (`super_user_id`, `T_price`) VALUES (62,  '0.00');
INSERT INTO `cart_entity` (`super_user_id`, `T_price`) VALUES (63,  '0.00');
INSERT INTO `cart_entity` (`super_user_id`, `T_price`) VALUES (64,  '0.00');
INSERT INTO `cart_entity` (`super_user_id`, `T_price`) VALUES (65,  '0.00');
INSERT INTO `cart_entity` (`super_user_id`, `T_price`) VALUES (66,  '0.00');
INSERT INTO `cart_entity` (`super_user_id`, `T_price`) VALUES (67,  '0.00');
INSERT INTO `cart_entity` (`super_user_id`, `T_price`) VALUES (68,  '0.00');
INSERT INTO `cart_entity` (`super_user_id`, `T_price`) VALUES (69,  '0.00');
INSERT INTO `cart_entity` (`super_user_id`, `T_price`) VALUES (70,  '0.00');
INSERT INTO `cart_entity` (`super_user_id`, `T_price`) VALUES (71,  '0.00');
INSERT INTO `cart_entity` (`super_user_id`, `T_price`) VALUES (72,  '0.00');
INSERT INTO `cart_entity` (`super_user_id`, `T_price`) VALUES (73,  '0.00');
INSERT INTO `cart_entity` (`super_user_id`, `T_price`) VALUES (74,  '0.00');
INSERT INTO `cart_entity` (`super_user_id`, `T_price`) VALUES (75,  '0.00');
INSERT INTO `cart_entity` (`super_user_id`, `T_price`) VALUES (76,  '0.00');
INSERT INTO `cart_entity` (`super_user_id`, `T_price`) VALUES (77,  '0.00');
INSERT INTO `cart_entity` (`super_user_id`, `T_price`) VALUES (78,  '0.00');
INSERT INTO `cart_entity` (`super_user_id`, `T_price`) VALUES (79,  '0.00');
INSERT INTO `cart_entity` (`super_user_id`, `T_price`) VALUES (80,  '0.00');
INSERT INTO `cart_entity` (`super_user_id`, `T_price`) VALUES (81,  '0.00');
INSERT INTO `cart_entity` (`super_user_id`, `T_price`) VALUES (82,  '0.00');
INSERT INTO `cart_entity` (`super_user_id`, `T_price`) VALUES (83,  '0.00');
INSERT INTO `cart_entity` (`super_user_id`, `T_price`) VALUES (84,  '0.00');
INSERT INTO `cart_entity` (`super_user_id`, `T_price`) VALUES (85,  '0.00');
INSERT INTO `cart_entity` (`super_user_id`, `T_price`) VALUES (86,  '0.00');
INSERT INTO `cart_entity` (`super_user_id`, `T_price`) VALUES (87,  '0.00');
INSERT INTO `cart_entity` (`super_user_id`, `T_price`) VALUES (88,  '0.00');
INSERT INTO `cart_entity` (`super_user_id`, `T_price`) VALUES (89,  '0.00');
INSERT INTO `cart_entity` (`super_user_id`, `T_price`) VALUES (90,  '0.00');
INSERT INTO `cart_entity` (`super_user_id`, `T_price`) VALUES (91,  '0.00');
INSERT INTO `cart_entity` (`super_user_id`, `T_price`) VALUES (92,  '0.00');
INSERT INTO `cart_entity` (`super_user_id`, `T_price`) VALUES (93,  '0.00');
INSERT INTO `cart_entity` (`super_user_id`, `T_price`) VALUES (94,  '0.00');
INSERT INTO `cart_entity` (`super_user_id`, `T_price`) VALUES (95,  '0.00');
INSERT INTO `cart_entity` (`super_user_id`, `T_price`) VALUES (96,  '0.00');
INSERT INTO `cart_entity` (`super_user_id`, `T_price`) VALUES (97,  '0.00');
INSERT INTO `cart_entity` (`super_user_id`, `T_price`) VALUES (98,  '0.00');
INSERT INTO `cart_entity` (`super_user_id`, `T_price`) VALUES (99,  '0.00');
INSERT INTO `cart_entity` (`super_user_id`, `T_price`) VALUES (100,  '0.00');


insert into Delivery_unit_entity (Shop_id, License_id, unit_name, password) values (1, 1, 'Aksel', 'Emelita');
insert into Delivery_unit_entity (Shop_id, License_id, unit_name, password) values (2, 2, 'Layla', 'Kassie');
insert into Delivery_unit_entity (Shop_id, License_id, unit_name, password) values (3, 3, 'Dannie', 'Garrot');
insert into Delivery_unit_entity (Shop_id, License_id, unit_name, password) values (4, 4, 'Todd', 'Leodora');
insert into Delivery_unit_entity (Shop_id, License_id, unit_name, password) values (5, 5, 'Taddeusz', 'Leontyne');
insert into Delivery_unit_entity (Shop_id, License_id, unit_name, password) values (6, 6, 'Abby', 'Trisha');
insert into Delivery_unit_entity (Shop_id, License_id, unit_name, password) values (7, 7, 'Marlin', 'Patten');
insert into Delivery_unit_entity (Shop_id, License_id, unit_name, password) values (8, 8, 'Kore', 'Kathryne');
insert into Delivery_unit_entity (Shop_id, License_id, unit_name, password) values (9, 9, 'Cesar', 'Hale');
insert into Delivery_unit_entity (Shop_id, License_id, unit_name, password) values (10, 10, 'Micky', 'Rosa');
insert into Delivery_unit_entity (Shop_id, License_id, unit_name, password) values (11, 11, 'Casi', 'Idaline');
insert into Delivery_unit_entity (Shop_id, License_id, unit_name, password) values (12, 12, 'Fay', 'Vina');
insert into Delivery_unit_entity (Shop_id, License_id, unit_name, password) values (13, 13, 'Eldin', 'Sibyl');
insert into Delivery_unit_entity (Shop_id, License_id, unit_name, password) values (14, 14, 'Jen', 'Shelby');
insert into Delivery_unit_entity (Shop_id, License_id, unit_name, password) values (15, 15, 'Randene', 'Christi');
insert into Delivery_unit_entity (Shop_id, License_id, unit_name, password) values (16, 16, 'Cati', 'Billy');
insert into Delivery_unit_entity (Shop_id, License_id, unit_name, password) values (17, 17, 'Francisco', 'Kendre');
insert into Delivery_unit_entity (Shop_id, License_id, unit_name, password) values (18, 18, 'Bran', 'Grace');
insert into Delivery_unit_entity (Shop_id, License_id, unit_name, password) values (19, 19, 'Kym', 'Niko');
insert into Delivery_unit_entity (Shop_id, License_id, unit_name, password) values (20, 20, 'Laurene', 'Kipp');
insert into Delivery_unit_entity (Shop_id, License_id, unit_name, password) values (21, 21, 'Alicea', 'Horacio');
insert into Delivery_unit_entity (Shop_id, License_id, unit_name, password) values (22, 22, 'Sim', 'Kandace');
insert into Delivery_unit_entity (Shop_id, License_id, unit_name, password) values (23, 23, 'Gunar', 'Tammie');
insert into Delivery_unit_entity (Shop_id, License_id, unit_name, password) values (24, 24, 'Henrik', 'Sonny');
insert into Delivery_unit_entity (Shop_id, License_id, unit_name, password) values (25, 25, 'Mirabelle', 'Sigfried');
insert into Delivery_unit_entity (Shop_id, License_id, unit_name, password) values (26, 26, 'Adriana', 'Easter');
insert into Delivery_unit_entity (Shop_id, License_id, unit_name, password) values (27, 27, 'Aleda', 'Ronnica');
insert into Delivery_unit_entity (Shop_id, License_id, unit_name, password) values (28, 28, 'Nicol', 'Ulick');
insert into Delivery_unit_entity (Shop_id, License_id, unit_name, password) values (29, 29, 'Nolan', 'Lianna');
insert into Delivery_unit_entity (Shop_id, License_id, unit_name, password) values (30, 30, 'Hadlee', 'Idette');
insert into Delivery_unit_entity (Shop_id, License_id, unit_name, password) values (31, 31, 'Clemmy', 'Erhard');
insert into Delivery_unit_entity (Shop_id, License_id, unit_name, password) values (32, 32, 'Staffard', 'Josefina');
insert into Delivery_unit_entity (Shop_id, License_id, unit_name, password) values (33, 33, 'Karney', 'Fancie');
insert into Delivery_unit_entity (Shop_id, License_id, unit_name, password) values (34, 34, 'Chelsea', 'Trevor');
insert into Delivery_unit_entity (Shop_id, License_id, unit_name, password) values (35, 35, 'Dev', 'Silvio');
insert into Delivery_unit_entity (Shop_id, License_id, unit_name, password) values (36, 36, 'Horst', 'Gar');
insert into Delivery_unit_entity (Shop_id, License_id, unit_name, password) values (37, 37, 'Quillan', 'Baillie');
insert into Delivery_unit_entity (Shop_id, License_id, unit_name, password) values (38, 38, 'Una', 'Leroy');
insert into Delivery_unit_entity (Shop_id, License_id, unit_name, password) values (39, 39, 'Charles', 'Janella');
insert into Delivery_unit_entity (Shop_id, License_id, unit_name, password) values (40, 40, 'Cyrille', 'Andre');
insert into Delivery_unit_entity (Shop_id, License_id, unit_name, password) values (41, 41, 'Roxane', 'Ealasaid');
insert into Delivery_unit_entity (Shop_id, License_id, unit_name, password) values (42, 42, 'Tripp', 'Lucienne');
insert into Delivery_unit_entity (Shop_id, License_id, unit_name, password) values (43, 43, 'Garey', 'Kalle');
insert into Delivery_unit_entity (Shop_id, License_id, unit_name, password) values (44, 44, 'Olympie', 'Nathalia');
insert into Delivery_unit_entity (Shop_id, License_id, unit_name, password) values (45, 45, 'Uriel', 'Ibrahim');
insert into Delivery_unit_entity (Shop_id, License_id, unit_name, password) values (46, 46, 'Hakeem', 'Natty');
insert into Delivery_unit_entity (Shop_id, License_id, unit_name, password) values (47, 47, 'Chickie', 'Vilhelmina');
insert into Delivery_unit_entity (Shop_id, License_id, unit_name, password) values (48, 48, 'De', 'Tansy');
insert into Delivery_unit_entity (Shop_id, License_id, unit_name, password) values (49, 49, 'Emmaline', 'Brunhilde');
insert into Delivery_unit_entity (Shop_id, License_id, unit_name, password) values (50, 50, 'Egon', 'Floris');
insert into Delivery_unit_entity (Shop_id, License_id, unit_name, password) values (51, 51, 'Darda', 'Case');
insert into Delivery_unit_entity (Shop_id, License_id, unit_name, password) values (52, 52, 'Seumas', 'Ardra');
insert into Delivery_unit_entity (Shop_id, License_id, unit_name, password) values (53, 53, 'Loydie', 'Gabriell');
insert into Delivery_unit_entity (Shop_id, License_id, unit_name, password) values (54, 54, 'Ignatius', 'Collie');
insert into Delivery_unit_entity (Shop_id, License_id, unit_name, password) values (55, 55, 'Nickolai', 'Benni');
insert into Delivery_unit_entity (Shop_id, License_id, unit_name, password) values (56, 56, 'Packston', 'Kandace');
insert into Delivery_unit_entity (Shop_id, License_id, unit_name, password) values (57, 57, 'Karrie', 'Carilyn');
insert into Delivery_unit_entity (Shop_id, License_id, unit_name, password) values (58, 58, 'Vinnie', 'Misty');
insert into Delivery_unit_entity (Shop_id, License_id, unit_name, password) values (59, 59, 'Maddy', 'Olly');
insert into Delivery_unit_entity (Shop_id, License_id, unit_name, password) values (60, 60, 'Emelia', 'Freddi');
insert into Delivery_unit_entity (Shop_id, License_id, unit_name, password) values (61, 61, 'Konstantine', 'Norbert');
insert into Delivery_unit_entity (Shop_id, License_id, unit_name, password) values (62, 62, 'Field', 'Bear');
insert into Delivery_unit_entity (Shop_id, License_id, unit_name, password) values (63, 63, 'Crissy', 'Damien');
insert into Delivery_unit_entity (Shop_id, License_id, unit_name, password) values (64, 64, 'Sibbie', 'Carmine');
insert into Delivery_unit_entity (Shop_id, License_id, unit_name, password) values (65, 65, 'Donnamarie', 'Ira');
insert into Delivery_unit_entity (Shop_id, License_id, unit_name, password) values (66, 66, 'Estell', 'Halette');
insert into Delivery_unit_entity (Shop_id, License_id, unit_name, password) values (67, 67, 'Shel', 'Eldredge');
insert into Delivery_unit_entity (Shop_id, License_id, unit_name, password) values (68, 68, 'Ewan', 'Basile');
insert into Delivery_unit_entity (Shop_id, License_id, unit_name, password) values (69, 69, 'Anni', 'Ferrell');
insert into Delivery_unit_entity (Shop_id, License_id, unit_name, password) values (70, 70, 'Dacey', 'Sheri');
insert into Delivery_unit_entity (Shop_id, License_id, unit_name, password) values (71, 71, 'Konstance', 'Teodoro');
insert into Delivery_unit_entity (Shop_id, License_id, unit_name, password) values (72, 72, 'Pippa', 'Odele');
insert into Delivery_unit_entity (Shop_id, License_id, unit_name, password) values (73, 73, 'Ryann', 'Garrard');
insert into Delivery_unit_entity (Shop_id, License_id, unit_name, password) values (74, 74, 'Amby', 'Petronella');
insert into Delivery_unit_entity (Shop_id, License_id, unit_name, password) values (75, 75, 'Gamaliel', 'Celesta');
insert into Delivery_unit_entity (Shop_id, License_id, unit_name, password) values (76, 76, 'Gayel', 'Bink');
insert into Delivery_unit_entity (Shop_id, License_id, unit_name, password) values (77, 77, 'Erich', 'Arlyne');
insert into Delivery_unit_entity (Shop_id, License_id, unit_name, password) values (78, 78, 'Edan', 'Madel');
insert into Delivery_unit_entity (Shop_id, License_id, unit_name, password) values (79, 79, 'Cary', 'Martita');
insert into Delivery_unit_entity (Shop_id, License_id, unit_name, password) values (80, 80, 'Zackariah', 'Juliann');
insert into Delivery_unit_entity (Shop_id, License_id, unit_name, password) values (81, 81, 'Honey', 'Joell');
insert into Delivery_unit_entity (Shop_id, License_id, unit_name, password) values (82, 82, 'Nealson', 'Woodman');
insert into Delivery_unit_entity (Shop_id, License_id, unit_name, password) values (83, 83, 'Abrahan', 'Cyril');
insert into Delivery_unit_entity (Shop_id, License_id, unit_name, password) values (84, 84, 'Maryjo', 'Justino');
insert into Delivery_unit_entity (Shop_id, License_id, unit_name, password) values (85, 85, 'Ealasaid', 'Delbert');
insert into Delivery_unit_entity (Shop_id, License_id, unit_name, password) values (86, 86, 'Doralin', 'Rhianna');
insert into Delivery_unit_entity (Shop_id, License_id, unit_name, password) values (87, 87, 'Milton', 'Lawrence');
insert into Delivery_unit_entity (Shop_id, License_id, unit_name, password) values (88, 88, 'Danyelle', 'Pen');
insert into Delivery_unit_entity (Shop_id, License_id, unit_name, password) values (89, 89, 'Stafford', 'Eziechiele');
insert into Delivery_unit_entity (Shop_id, License_id, unit_name, password) values (90, 90, 'Taryn', 'Daryle');
insert into Delivery_unit_entity (Shop_id, License_id, unit_name, password) values (91, 91, 'Starr', 'Bessy');
insert into Delivery_unit_entity (Shop_id, License_id, unit_name, password) values (92, 92, 'Joe', 'Marlie');
insert into Delivery_unit_entity (Shop_id, License_id, unit_name, password) values (93, 93, 'Perl', 'Dorthy');
insert into Delivery_unit_entity (Shop_id, License_id, unit_name, password) values (94, 94, 'Henryetta', 'Jedd');
insert into Delivery_unit_entity (Shop_id, License_id, unit_name, password) values (95, 95, 'Paxon', 'Dominick');
insert into Delivery_unit_entity (Shop_id, License_id, unit_name, password) values (96, 96, 'Wren', 'Rasia');
insert into Delivery_unit_entity (Shop_id, License_id, unit_name, password) values (97, 97, 'Sherlocke', 'Seward');
insert into Delivery_unit_entity (Shop_id, License_id, unit_name, password) values (98, 98, 'Marlo', 'Alair');
insert into Delivery_unit_entity (Shop_id, License_id, unit_name, password) values (99, 99, 'Rica', 'Mellicent');
insert into Delivery_unit_entity (Shop_id, License_id, unit_name, password) values (100, 100, 'Lotti', 'Di');
insert into dispatching_unit_PhoneNumber (License_id, phone_number) values (1, '49884328');
insert into dispatching_unit_PhoneNumber (License_id, phone_number) values (2, '8408476');
insert into dispatching_unit_PhoneNumber (License_id, phone_number) values (3, '9055273');
insert into dispatching_unit_PhoneNumber (License_id, phone_number) values (4, '5693904');
insert into dispatching_unit_PhoneNumber (License_id, phone_number) values (5, '826416');
insert into dispatching_unit_PhoneNumber (License_id, phone_number) values (6, '830494');
insert into dispatching_unit_PhoneNumber (License_id, phone_number) values (7, '849352');
insert into dispatching_unit_PhoneNumber (License_id, phone_number) values (8, '15015');
insert into dispatching_unit_PhoneNumber (License_id, phone_number) values (9, '121118');
insert into dispatching_unit_PhoneNumber (License_id, phone_number) values (10, '941785');
insert into dispatching_unit_PhoneNumber (License_id, phone_number) values (11, '6255281');
insert into dispatching_unit_PhoneNumber (License_id, phone_number) values (12, '4326956');
insert into dispatching_unit_PhoneNumber (License_id, phone_number) values (13, '651459');
insert into dispatching_unit_PhoneNumber (License_id, phone_number) values (14, '8307380');
insert into dispatching_unit_PhoneNumber (License_id, phone_number) values (15, '378212');
insert into dispatching_unit_PhoneNumber (License_id, phone_number) values (16, '397214');
insert into dispatching_unit_PhoneNumber (License_id, phone_number) values (17, '4021691');
insert into dispatching_unit_PhoneNumber (License_id, phone_number) values (18, '4443962');
insert into dispatching_unit_PhoneNumber (License_id, phone_number) values (19, '3083324');
insert into dispatching_unit_PhoneNumber (License_id, phone_number) values (20, '4047012');
insert into dispatching_unit_PhoneNumber (License_id, phone_number) values (21, '912833');
insert into dispatching_unit_PhoneNumber (License_id, phone_number) values (22, '352974');
insert into dispatching_unit_PhoneNumber (License_id, phone_number) values (23, '387335');
insert into dispatching_unit_PhoneNumber (License_id, phone_number) values (24, '217422');
insert into dispatching_unit_PhoneNumber (License_id, phone_number) values (25, '5281421103');
insert into dispatching_unit_PhoneNumber (License_id, phone_number) values (26, '5119235224');
insert into dispatching_unit_PhoneNumber (License_id, phone_number) values (27, '3969387195');
insert into dispatching_unit_PhoneNumber (License_id, phone_number) values (28, '9911119198');
insert into dispatching_unit_PhoneNumber (License_id, phone_number) values (29, '7055318196');
insert into dispatching_unit_PhoneNumber (License_id, phone_number) values (30, '2562472463');
insert into dispatching_unit_PhoneNumber (License_id, phone_number) values (31, '1182473522');
insert into dispatching_unit_PhoneNumber (License_id, phone_number) values (32, '8877673312');
insert into dispatching_unit_PhoneNumber (License_id, phone_number) values (33, '6079865423');
insert into dispatching_unit_PhoneNumber (License_id, phone_number) values (34, '2218203227');
insert into dispatching_unit_PhoneNumber (License_id, phone_number) values (35, '4882862440');
insert into dispatching_unit_PhoneNumber (License_id, phone_number) values (36, '2019075724');
insert into dispatching_unit_PhoneNumber (License_id, phone_number) values (37, '4371863503');
insert into dispatching_unit_PhoneNumber (License_id, phone_number) values (38, '9604061703');
insert into dispatching_unit_PhoneNumber (License_id, phone_number) values (39, '7022018820');
insert into dispatching_unit_PhoneNumber (License_id, phone_number) values (40, '2821564635');
insert into dispatching_unit_PhoneNumber (License_id, phone_number) values (41, '3892083648');
insert into dispatching_unit_PhoneNumber (License_id, phone_number) values (42, '6322640848');
insert into dispatching_unit_PhoneNumber (License_id, phone_number) values (43, '2392120449');
insert into dispatching_unit_PhoneNumber (License_id, phone_number) values (44, '7607216879');
insert into dispatching_unit_PhoneNumber (License_id, phone_number) values (45, '7748095596');
insert into dispatching_unit_PhoneNumber (License_id, phone_number) values (46, '1916485459');
insert into dispatching_unit_PhoneNumber (License_id, phone_number) values (47, '9974391263');
insert into dispatching_unit_PhoneNumber (License_id, phone_number) values (48, '4337769742');
insert into dispatching_unit_PhoneNumber (License_id, phone_number) values (49, '7967668994');
insert into dispatching_unit_PhoneNumber (License_id, phone_number) values (50, '2458915888');
insert into dispatching_unit_PhoneNumber (License_id, phone_number) values (51, '6855140538');
insert into dispatching_unit_PhoneNumber (License_id, phone_number) values (52, '9094150681');
insert into dispatching_unit_PhoneNumber (License_id, phone_number) values (53, '9041247596');
insert into dispatching_unit_PhoneNumber (License_id, phone_number) values (54, '9846580646');
insert into dispatching_unit_PhoneNumber (License_id, phone_number) values (55, '6154506061');
insert into dispatching_unit_PhoneNumber (License_id, phone_number) values (56, '4504090865');
insert into dispatching_unit_PhoneNumber (License_id, phone_number) values (57, '5786374398');
insert into dispatching_unit_PhoneNumber (License_id, phone_number) values (58, '3589619259');
insert into dispatching_unit_PhoneNumber (License_id, phone_number) values (59, '2246604272');
insert into dispatching_unit_PhoneNumber (License_id, phone_number) values (60, '8512564656');
insert into dispatching_unit_PhoneNumber (License_id, phone_number) values (61, '9857165450');
insert into dispatching_unit_PhoneNumber (License_id, phone_number) values (62, '3247550198');
insert into dispatching_unit_PhoneNumber (License_id, phone_number) values (63, '9168962930');
insert into dispatching_unit_PhoneNumber (License_id, phone_number) values (64, '4598189199');
insert into dispatching_unit_PhoneNumber (License_id, phone_number) values (65, '8675336924');
insert into dispatching_unit_PhoneNumber (License_id, phone_number) values (66, '7594548259');
insert into dispatching_unit_PhoneNumber (License_id, phone_number) values (67, '4008885414');
insert into dispatching_unit_PhoneNumber (License_id, phone_number) values (68, '6758508539');
insert into dispatching_unit_PhoneNumber (License_id, phone_number) values (69, '6713965369');
insert into dispatching_unit_PhoneNumber (License_id, phone_number) values (70, '9611818424');
insert into dispatching_unit_PhoneNumber (License_id, phone_number) values (71, '1353261921');
insert into dispatching_unit_PhoneNumber (License_id, phone_number) values (72, '4444837633');
insert into dispatching_unit_PhoneNumber (License_id, phone_number) values (73, '8166984626');
insert into dispatching_unit_PhoneNumber (License_id, phone_number) values (74, '7982562029');
insert into dispatching_unit_PhoneNumber (License_id, phone_number) values (75, '3955638093');
insert into dispatching_unit_PhoneNumber (License_id, phone_number) values (76, '9396751986');
insert into dispatching_unit_PhoneNumber (License_id, phone_number) values (77, '1952866156');
insert into dispatching_unit_PhoneNumber (License_id, phone_number) values (78, '1298872418');
insert into dispatching_unit_PhoneNumber (License_id, phone_number) values (79, '5614996271');
insert into dispatching_unit_PhoneNumber (License_id, phone_number) values (80, '9665379673');
insert into dispatching_unit_PhoneNumber (License_id, phone_number) values (81, '1457293124');
insert into dispatching_unit_PhoneNumber (License_id, phone_number) values (82, '7662059420');
insert into dispatching_unit_PhoneNumber (License_id, phone_number) values (83, '4928700833');
insert into dispatching_unit_PhoneNumber (License_id, phone_number) values (84, '7517970867');
insert into dispatching_unit_PhoneNumber (License_id, phone_number) values (85, '1331895022');
insert into dispatching_unit_PhoneNumber (License_id, phone_number) values (86, '3267457767');
insert into dispatching_unit_PhoneNumber (License_id, phone_number) values (87, '7828807812');
insert into dispatching_unit_PhoneNumber (License_id, phone_number) values (88, '5927332937');
insert into dispatching_unit_PhoneNumber (License_id, phone_number) values (89, '9481024587');
insert into dispatching_unit_PhoneNumber (License_id, phone_number) values (90, '6084753937');
insert into dispatching_unit_PhoneNumber (License_id, phone_number) values (91, '1608306110');
insert into dispatching_unit_PhoneNumber (License_id, phone_number) values (92, '5599359538');
insert into dispatching_unit_PhoneNumber (License_id, phone_number) values (93, '4945429028');
insert into dispatching_unit_PhoneNumber (License_id, phone_number) values (94, '7267233472');
insert into dispatching_unit_PhoneNumber (License_id, phone_number) values (95, '8565204203');
insert into dispatching_unit_PhoneNumber (License_id, phone_number) values (96, '9895032666');
insert into dispatching_unit_PhoneNumber (License_id, phone_number) values (97, '8116179317');
insert into dispatching_unit_PhoneNumber (License_id, phone_number) values (98, '7586863546');
insert into dispatching_unit_PhoneNumber (License_id, phone_number) values (99, '6546946908');
insert into dispatching_unit_PhoneNumber (License_id, phone_number) values (100, '6856944939');


INSERT INTO container_relation (super_user_id, product_quantity, P_id)
VALUES ('52', '19','3');
INSERT INTO container_relation (super_user_id, product_quantity, P_id)
VALUES ('81', '27','75');
INSERT INTO container_relation (super_user_id, product_quantity, P_id)
VALUES ('78', '62','80');
INSERT INTO container_relation (super_user_id, product_quantity, P_id)
VALUES ('71', '39','86');
INSERT INTO container_relation (super_user_id, product_quantity, P_id)
VALUES ('2', '3','88');
INSERT INTO container_relation (super_user_id, product_quantity, P_id)
VALUES ('2', '29','54');
INSERT INTO container_relation (super_user_id, product_quantity, P_id)
VALUES ('97', '96','52');
INSERT INTO container_relation (super_user_id, product_quantity, P_id)
VALUES ('12', '60','8');
INSERT INTO container_relation (super_user_id, product_quantity, P_id)
VALUES ('81', '53','95');
INSERT INTO container_relation (super_user_id, product_quantity, P_id)
VALUES ('28', '3','3');
INSERT INTO container_relation (super_user_id, product_quantity, P_id)
VALUES ('22', '81','91');
INSERT INTO container_relation (super_user_id, product_quantity, P_id)
VALUES ('52', '1','42');
INSERT INTO container_relation (super_user_id, product_quantity, P_id)
VALUES ('21', '50','50');
INSERT INTO container_relation (super_user_id, product_quantity, P_id)
VALUES ('31', '84','37');
INSERT INTO container_relation (super_user_id, product_quantity, P_id)
VALUES ('27', '74','60');
INSERT INTO container_relation (super_user_id, product_quantity, P_id)
VALUES ('30', '21','1');
INSERT INTO container_relation (super_user_id, product_quantity, P_id)
VALUES ('10', '40','57');
INSERT INTO container_relation (super_user_id, product_quantity, P_id)
VALUES ('55', '48','31');
INSERT INTO container_relation (super_user_id, product_quantity, P_id)
VALUES ('22', '75','72');
INSERT INTO container_relation (super_user_id, product_quantity, P_id)
VALUES ('7', '23','74');
INSERT INTO container_relation (super_user_id, product_quantity, P_id)
VALUES ('50', '1','5');
INSERT INTO container_relation (super_user_id, product_quantity, P_id)
VALUES ('5', '41','35');
INSERT INTO container_relation (super_user_id, product_quantity, P_id)
VALUES ('92', '87','53');
INSERT INTO container_relation (super_user_id, product_quantity, P_id)
VALUES ('42', '31','74');
INSERT INTO container_relation (super_user_id, product_quantity, P_id)
VALUES ('44', '17','16');
INSERT INTO container_relation (super_user_id, product_quantity, P_id)
VALUES ('45', '28','57');
INSERT INTO container_relation (super_user_id, product_quantity, P_id)
VALUES ('18', '57','66');
INSERT INTO container_relation (super_user_id, product_quantity, P_id)
VALUES ('63', '50','46');
INSERT INTO container_relation (super_user_id, product_quantity, P_id)
VALUES ('24', '38','78');
INSERT INTO container_relation (super_user_id, product_quantity, P_id)
VALUES ('11', '78','16');
INSERT INTO container_relation (super_user_id, product_quantity, P_id)
VALUES ('18', '85','78');
INSERT INTO container_relation (super_user_id, product_quantity, P_id)
VALUES ('42', '26','15');
INSERT INTO container_relation (super_user_id, product_quantity, P_id)
VALUES ('81', '46','4');
INSERT INTO container_relation (super_user_id, product_quantity, P_id)
VALUES ('55', '83','53');
INSERT INTO container_relation (super_user_id, product_quantity, P_id)
VALUES ('21', '36','82');
INSERT INTO container_relation (super_user_id, product_quantity, P_id)
VALUES ('75', '21','5');
INSERT INTO container_relation (super_user_id, product_quantity, P_id)
VALUES ('48', '45','85');
INSERT INTO container_relation (super_user_id, product_quantity, P_id)
VALUES ('97', '5','12');
INSERT INTO container_relation (super_user_id, product_quantity, P_id)
VALUES ('40', '22','22');
INSERT INTO container_relation (super_user_id, product_quantity, P_id)
VALUES ('69', '86','36');
INSERT INTO container_relation (super_user_id, product_quantity, P_id)
VALUES ('75', '50','86');
INSERT INTO container_relation (super_user_id, product_quantity, P_id)
VALUES ('40', '36','23');
INSERT INTO container_relation (super_user_id, product_quantity, P_id)
VALUES ('68', '9','26');
INSERT INTO container_relation (super_user_id, product_quantity, P_id)
VALUES ('44', '72','21');
INSERT INTO container_relation (super_user_id, product_quantity, P_id)
VALUES ('24', '70','92');
INSERT INTO container_relation (super_user_id, product_quantity, P_id)
VALUES ('85', '46','32');
INSERT INTO container_relation (super_user_id, product_quantity, P_id)
VALUES ('88', '94','55');
INSERT INTO container_relation (super_user_id, product_quantity, P_id)
VALUES ('11', '26','55');
INSERT INTO container_relation (super_user_id, product_quantity, P_id)
VALUES ('25', '97','91');
INSERT INTO container_relation (super_user_id, product_quantity, P_id)
VALUES ('69', '2','64');
INSERT INTO container_relation (super_user_id, product_quantity, P_id)
VALUES ('3', '5','96');
INSERT INTO container_relation (super_user_id, product_quantity, P_id)
VALUES ('7', '90','31');
INSERT INTO container_relation (super_user_id, product_quantity, P_id)
VALUES ('5', '35','53');
INSERT INTO container_relation (super_user_id, product_quantity, P_id)
VALUES ('83', '71','95');
INSERT INTO container_relation (super_user_id, product_quantity, P_id)
VALUES ('20', '68','2');
INSERT INTO container_relation (super_user_id, product_quantity, P_id)
VALUES ('40', '81','73');
INSERT INTO container_relation (super_user_id, product_quantity, P_id)
VALUES ('19', '1','88');
INSERT INTO container_relation (super_user_id, product_quantity, P_id)
VALUES ('98', '59','86');
INSERT INTO container_relation (super_user_id, product_quantity, P_id)
VALUES ('94', '25','69');
INSERT INTO container_relation (super_user_id, product_quantity, P_id)
VALUES ('52', '89','46');
INSERT INTO container_relation (super_user_id, product_quantity, P_id)
VALUES ('94', '18','15');
INSERT INTO container_relation (super_user_id, product_quantity, P_id)
VALUES ('98', '2','62');
INSERT INTO container_relation (super_user_id, product_quantity, P_id)
VALUES ('46', '55','10');
INSERT INTO container_relation (super_user_id, product_quantity, P_id)
VALUES ('15', '14','73');
INSERT INTO container_relation (super_user_id, product_quantity, P_id)
VALUES ('89', '29','15');
INSERT INTO container_relation (super_user_id, product_quantity, P_id)
VALUES ('23', '23','69');
INSERT INTO container_relation (super_user_id, product_quantity, P_id)
VALUES ('39', '71','32');
INSERT INTO container_relation (super_user_id, product_quantity, P_id)
VALUES ('4', '78','85');
INSERT INTO container_relation (super_user_id, product_quantity, P_id)
VALUES ('71', '27','21');
INSERT INTO container_relation (super_user_id, product_quantity, P_id)
VALUES ('97', '24','92');
INSERT INTO container_relation (super_user_id, product_quantity, P_id)
VALUES ('21', '85','92');
INSERT INTO container_relation (super_user_id, product_quantity, P_id)
VALUES ('18', '51','95');
INSERT INTO container_relation (super_user_id, product_quantity, P_id)
VALUES ('54', '71','90');
INSERT INTO container_relation (super_user_id, product_quantity, P_id)
VALUES ('56', '45','75');
INSERT INTO container_relation (super_user_id, product_quantity, P_id)
VALUES ('77', '91','76');
INSERT INTO container_relation (super_user_id, product_quantity, P_id)
VALUES ('12', '65','34');
INSERT INTO container_relation (super_user_id, product_quantity, P_id)
VALUES ('89', '73','5');
INSERT INTO container_relation (super_user_id, product_quantity, P_id)
VALUES ('70', '91','45');
INSERT INTO container_relation (super_user_id, product_quantity, P_id)
VALUES ('65', '53','61');
INSERT INTO container_relation (super_user_id, product_quantity, P_id)
VALUES ('65', '68','39');
INSERT INTO container_relation (super_user_id, product_quantity, P_id)
VALUES ('92', '37','92');
INSERT INTO container_relation (super_user_id, product_quantity, P_id)
VALUES ('61', '85','72');
INSERT INTO container_relation (super_user_id, product_quantity, P_id)
VALUES ('58', '58','56');
INSERT INTO container_relation (super_user_id, product_quantity, P_id)
VALUES ('13', '33','50');
INSERT INTO container_relation (super_user_id, product_quantity, P_id)
VALUES ('19', '90','18');
INSERT INTO container_relation (super_user_id, product_quantity, P_id)
VALUES ('35', '13','76');
INSERT INTO container_relation (super_user_id, product_quantity, P_id)
VALUES ('38', '25','43');
INSERT INTO container_relation (super_user_id, product_quantity, P_id)
VALUES ('41', '14','54');
INSERT INTO container_relation (super_user_id, product_quantity, P_id)
VALUES ('7', '2','65');
INSERT INTO container_relation (super_user_id, product_quantity, P_id)
VALUES ('59', '42','86');
INSERT INTO container_relation (super_user_id, product_quantity, P_id)
VALUES ('40', '31','72');
INSERT INTO container_relation (super_user_id, product_quantity, P_id)
VALUES ('89', '69','75');
INSERT INTO container_relation (super_user_id, product_quantity, P_id)
VALUES ('56', '29','8');
INSERT INTO container_relation (super_user_id, product_quantity, P_id)
VALUES ('52', '19','34');
INSERT INTO container_relation (super_user_id, product_quantity, P_id)
VALUES ('56', '46','88');
INSERT INTO container_relation (super_user_id, product_quantity, P_id)
VALUES ('56', '61','95');
INSERT INTO container_relation (super_user_id, product_quantity, P_id)
VALUES ('24', '7','86');
INSERT INTO container_relation (super_user_id, product_quantity, P_id)
VALUES ('75', '38','63');
INSERT INTO container_relation (super_user_id, product_quantity, P_id)
VALUES ('86', '78','87');
INSERT INTO container_relation (super_user_id, product_quantity, P_id)
VALUES ('74', '52','98');

insert into Transaction_entity (Transcation_id, T_amount, super_user_id) values (1, 70, 1);
insert into Transaction_entity (Transcation_id, T_amount, super_user_id) values (2, 72, 2);
insert into Transaction_entity (Transcation_id, T_amount, super_user_id) values (3, 38, 3);
insert into Transaction_entity (Transcation_id, T_amount, super_user_id) values (4, 78, 4);
insert into Transaction_entity (Transcation_id, T_amount, super_user_id) values (5, 88, 5);
insert into Transaction_entity (Transcation_id, T_amount, super_user_id) values (6, 20, 6);
insert into Transaction_entity (Transcation_id, T_amount, super_user_id) values (7, 93, 7);
insert into Transaction_entity (Transcation_id, T_amount, super_user_id) values (8, 26, 8);
insert into Transaction_entity (Transcation_id, T_amount, super_user_id) values (9, 87, 9);
insert into Transaction_entity (Transcation_id, T_amount, super_user_id) values (10, 69, 10);
insert into Transaction_entity (Transcation_id, T_amount, super_user_id) values (11, 98, 11);
insert into Transaction_entity (Transcation_id, T_amount, super_user_id) values (12, 51, 12);
insert into Transaction_entity (Transcation_id, T_amount, super_user_id) values (13, 10, 13);
insert into Transaction_entity (Transcation_id, T_amount, super_user_id) values (14, 73, 14);
insert into Transaction_entity (Transcation_id, T_amount, super_user_id) values (15, 76, 15);
insert into Transaction_entity (Transcation_id, T_amount, super_user_id) values (16, 87, 16);
insert into Transaction_entity (Transcation_id, T_amount, super_user_id) values (17, 33, 17);
insert into Transaction_entity (Transcation_id, T_amount, super_user_id) values (18, 38, 18);
insert into Transaction_entity (Transcation_id, T_amount, super_user_id) values (19, 59, 19);
insert into Transaction_entity (Transcation_id, T_amount, super_user_id) values (20, 62, 20);
insert into Transaction_entity (Transcation_id, T_amount, super_user_id) values (21, 27, 21);
insert into Transaction_entity (Transcation_id, T_amount, super_user_id) values (22, 88, 22);
insert into Transaction_entity (Transcation_id, T_amount, super_user_id) values (23, 78, 23);
insert into Transaction_entity (Transcation_id, T_amount, super_user_id) values (24, 85, 24);
insert into Transaction_entity (Transcation_id, T_amount, super_user_id) values (25, 79, 25);
insert into Transaction_entity (Transcation_id, T_amount, super_user_id) values (26, 60, 26);
insert into Transaction_entity (Transcation_id, T_amount, super_user_id) values (27, 42, 27);
insert into Transaction_entity (Transcation_id, T_amount, super_user_id) values (28, 23, 28);
insert into Transaction_entity (Transcation_id, T_amount, super_user_id) values (29, 10, 29);
insert into Transaction_entity (Transcation_id, T_amount, super_user_id) values (30, 3, 30);
insert into Transaction_entity (Transcation_id, T_amount, super_user_id) values (31, 65, 31);
insert into Transaction_entity (Transcation_id, T_amount, super_user_id) values (32, 72, 32);
insert into Transaction_entity (Transcation_id, T_amount, super_user_id) values (33, 38, 33);
insert into Transaction_entity (Transcation_id, T_amount, super_user_id) values (34, 5, 34);
insert into Transaction_entity (Transcation_id, T_amount, super_user_id) values (35, 19, 35);
insert into Transaction_entity (Transcation_id, T_amount, super_user_id) values (36, 47, 36);
insert into Transaction_entity (Transcation_id, T_amount, super_user_id) values (37, 15, 37);
insert into Transaction_entity (Transcation_id, T_amount, super_user_id) values (38, 58, 38);
insert into Transaction_entity (Transcation_id, T_amount, super_user_id) values (39, 44, 39);
insert into Transaction_entity (Transcation_id, T_amount, super_user_id) values (40, 16, 40);
insert into Transaction_entity (Transcation_id, T_amount, super_user_id) values (41, 57, 41);
insert into Transaction_entity (Transcation_id, T_amount, super_user_id) values (42, 11, 42);
insert into Transaction_entity (Transcation_id, T_amount, super_user_id) values (43, 65, 43);
insert into Transaction_entity (Transcation_id, T_amount, super_user_id) values (44, 69, 44);
insert into Transaction_entity (Transcation_id, T_amount, super_user_id) values (45, 18, 45);
insert into Transaction_entity (Transcation_id, T_amount, super_user_id) values (46, 80, 46);
insert into Transaction_entity (Transcation_id, T_amount, super_user_id) values (47, 69, 47);
insert into Transaction_entity (Transcation_id, T_amount, super_user_id) values (48, 71, 48);
insert into Transaction_entity (Transcation_id, T_amount, super_user_id) values (49, 36, 49);
insert into Transaction_entity (Transcation_id, T_amount, super_user_id) values (50, 61, 50);
insert into Transaction_entity (Transcation_id, T_amount, super_user_id) values (51, 92, 51);
insert into Transaction_entity (Transcation_id, T_amount, super_user_id) values (52, 16, 52);
insert into Transaction_entity (Transcation_id, T_amount, super_user_id) values (53, 1, 53);
insert into Transaction_entity (Transcation_id, T_amount, super_user_id) values (54, 1, 54);
insert into Transaction_entity (Transcation_id, T_amount, super_user_id) values (55, 51, 55);
insert into Transaction_entity (Transcation_id, T_amount, super_user_id) values (56, 50, 56);
insert into Transaction_entity (Transcation_id, T_amount, super_user_id) values (57, 57, 57);
insert into Transaction_entity (Transcation_id, T_amount, super_user_id) values (58, 42, 58);
insert into Transaction_entity (Transcation_id, T_amount, super_user_id) values (59, 69, 59);
insert into Transaction_entity (Transcation_id, T_amount, super_user_id) values (60, 67, 60);
insert into Transaction_entity (Transcation_id, T_amount, super_user_id) values (61, 5, 61);
insert into Transaction_entity (Transcation_id, T_amount, super_user_id) values (62, 31, 62);
insert into Transaction_entity (Transcation_id, T_amount, super_user_id) values (63, 28, 63);
insert into Transaction_entity (Transcation_id, T_amount, super_user_id) values (64, 45, 64);
insert into Transaction_entity (Transcation_id, T_amount, super_user_id) values (65, 84, 65);
insert into Transaction_entity (Transcation_id, T_amount, super_user_id) values (66, 97, 66);
insert into Transaction_entity (Transcation_id, T_amount, super_user_id) values (67, 13, 67);
insert into Transaction_entity (Transcation_id, T_amount, super_user_id) values (68, 72, 68);
insert into Transaction_entity (Transcation_id, T_amount, super_user_id) values (69, 7, 69);
insert into Transaction_entity (Transcation_id, T_amount, super_user_id) values (70, 35, 70);
insert into Transaction_entity (Transcation_id, T_amount, super_user_id) values (71, 53, 71);
insert into Transaction_entity (Transcation_id, T_amount, super_user_id) values (72, 83, 72);
insert into Transaction_entity (Transcation_id, T_amount, super_user_id) values (73, 51, 73);
insert into Transaction_entity (Transcation_id, T_amount, super_user_id) values (74, 90, 74);
insert into Transaction_entity (Transcation_id, T_amount, super_user_id) values (75, 79, 75);
insert into Transaction_entity (Transcation_id, T_amount, super_user_id) values (76, 18, 76);
insert into Transaction_entity (Transcation_id, T_amount, super_user_id) values (77, 64, 77);
insert into Transaction_entity (Transcation_id, T_amount, super_user_id) values (78, 83, 78);
insert into Transaction_entity (Transcation_id, T_amount, super_user_id) values (79, 79, 79);
insert into Transaction_entity (Transcation_id, T_amount, super_user_id) values (80, 73, 80);
insert into Transaction_entity (Transcation_id, T_amount, super_user_id) values (81, 35, 81);
insert into Transaction_entity (Transcation_id, T_amount, super_user_id) values (82, 34, 82);
insert into Transaction_entity (Transcation_id, T_amount, super_user_id) values (83, 11, 83);
insert into Transaction_entity (Transcation_id, T_amount, super_user_id) values (84, 2, 84);
insert into Transaction_entity (Transcation_id, T_amount, super_user_id) values (85, 14, 85);
insert into Transaction_entity (Transcation_id, T_amount, super_user_id) values (86, 30, 86);
insert into Transaction_entity (Transcation_id, T_amount, super_user_id) values (87, 28, 87);
insert into Transaction_entity (Transcation_id, T_amount, super_user_id) values (88, 72, 88);
insert into Transaction_entity (Transcation_id, T_amount, super_user_id) values (89, 69, 89);
insert into Transaction_entity (Transcation_id, T_amount, super_user_id) values (90, 57, 90);
insert into Transaction_entity (Transcation_id, T_amount, super_user_id) values (91, 93, 91);
insert into Transaction_entity (Transcation_id, T_amount, super_user_id) values (92, 53, 92);
insert into Transaction_entity (Transcation_id, T_amount, super_user_id) values (93, 24, 93);
insert into Transaction_entity (Transcation_id, T_amount, super_user_id) values (94, 13, 94);
insert into Transaction_entity (Transcation_id, T_amount, super_user_id) values (95, 53, 95);
insert into Transaction_entity (Transcation_id, T_amount, super_user_id) values (96, 22, 96);
insert into Transaction_entity (Transcation_id, T_amount, super_user_id) values (97, 83, 97);
insert into Transaction_entity (Transcation_id, T_amount, super_user_id) values (98, 80, 98);
insert into Transaction_entity (Transcation_id, T_amount, super_user_id) values (99, 40, 99);
insert into Transaction_entity (Transcation_id, T_amount, super_user_id) values (100, 12, 100);

insert into order_relation (transaction_id, shop_id) values (1, 1);
insert into order_relation (transaction_id, shop_id) values (2, 2);
insert into order_relation (transaction_id, shop_id) values (3, 3);
insert into order_relation (transaction_id, shop_id) values (4, 4);
insert into order_relation (transaction_id, shop_id) values (5, 5);
insert into order_relation (transaction_id, shop_id) values (6, 6);
insert into order_relation (transaction_id, shop_id) values (7, 7);
insert into order_relation (transaction_id, shop_id) values (8, 8);
insert into order_relation (transaction_id, shop_id) values (9, 9);
insert into order_relation (transaction_id, shop_id) values (10, 10);
insert into order_relation (transaction_id, shop_id) values (11, 11);
insert into order_relation (transaction_id, shop_id) values (12, 12);
insert into order_relation (transaction_id, shop_id) values (13, 13);
insert into order_relation (transaction_id, shop_id) values (14, 14);
insert into order_relation (transaction_id, shop_id) values (15, 15);
insert into order_relation (transaction_id, shop_id) values (16, 16);
insert into order_relation (transaction_id, shop_id) values (17, 17);
insert into order_relation (transaction_id, shop_id) values (18, 18);
insert into order_relation (transaction_id, shop_id) values (19, 19);
insert into order_relation (transaction_id, shop_id) values (20, 20);
insert into order_relation (transaction_id, shop_id) values (21, 21);
insert into order_relation (transaction_id, shop_id) values (22, 22);
insert into order_relation (transaction_id, shop_id) values (23, 23);
insert into order_relation (transaction_id, shop_id) values (24, 24);
insert into order_relation (transaction_id, shop_id) values (25, 25);
insert into order_relation (transaction_id, shop_id) values (26, 26);
insert into order_relation (transaction_id, shop_id) values (27, 27);
insert into order_relation (transaction_id, shop_id) values (28, 28);
insert into order_relation (transaction_id, shop_id) values (29, 29);
insert into order_relation (transaction_id, shop_id) values (30, 30);
insert into order_relation (transaction_id, shop_id) values (31, 31);
insert into order_relation (transaction_id, shop_id) values (32, 32);
insert into order_relation (transaction_id, shop_id) values (33, 33);
insert into order_relation (transaction_id, shop_id) values (34, 34);
insert into order_relation (transaction_id, shop_id) values (35, 35);
insert into order_relation (transaction_id, shop_id) values (36, 36);
insert into order_relation (transaction_id, shop_id) values (37, 37);
insert into order_relation (transaction_id, shop_id) values (38, 38);
insert into order_relation (transaction_id, shop_id) values (39, 39);
insert into order_relation (transaction_id, shop_id) values (40, 40);
insert into order_relation (transaction_id, shop_id) values (41, 41);
insert into order_relation (transaction_id, shop_id) values (42, 42);
insert into order_relation (transaction_id, shop_id) values (43, 43);
insert into order_relation (transaction_id, shop_id) values (44, 44);
insert into order_relation (transaction_id, shop_id) values (45, 45);
insert into order_relation (transaction_id, shop_id) values (46, 46);
insert into order_relation (transaction_id, shop_id) values (47, 47);
insert into order_relation (transaction_id, shop_id) values (48, 48);
insert into order_relation (transaction_id, shop_id) values (49, 49);
insert into order_relation (transaction_id, shop_id) values (50, 50);
insert into order_relation (transaction_id, shop_id) values (51, 51);
insert into order_relation (transaction_id, shop_id) values (52, 52);
insert into order_relation (transaction_id, shop_id) values (53, 53);
insert into order_relation (transaction_id, shop_id) values (54, 54);
insert into order_relation (transaction_id, shop_id) values (55, 55);
insert into order_relation (transaction_id, shop_id) values (56, 56);
insert into order_relation (transaction_id, shop_id) values (57, 57);
insert into order_relation (transaction_id, shop_id) values (58, 58);
insert into order_relation (transaction_id, shop_id) values (59, 59);
insert into order_relation (transaction_id, shop_id) values (60, 60);
insert into order_relation (transaction_id, shop_id) values (61, 61);
insert into order_relation (transaction_id, shop_id) values (62, 62);
insert into order_relation (transaction_id, shop_id) values (63, 63);
insert into order_relation (transaction_id, shop_id) values (64, 64);
insert into order_relation (transaction_id, shop_id) values (65, 65);
insert into order_relation (transaction_id, shop_id) values (66, 66);
insert into order_relation (transaction_id, shop_id) values (67, 67);
insert into order_relation (transaction_id, shop_id) values (68, 68);
insert into order_relation (transaction_id, shop_id) values (69, 69);
insert into order_relation (transaction_id, shop_id) values (70, 70);
insert into order_relation (transaction_id, shop_id) values (71, 71);
insert into order_relation (transaction_id, shop_id) values (72, 72);
insert into order_relation (transaction_id, shop_id) values (73, 73);
insert into order_relation (transaction_id, shop_id) values (74, 74);
insert into order_relation (transaction_id, shop_id) values (75, 75);
insert into order_relation (transaction_id, shop_id) values (76, 76);
insert into order_relation (transaction_id, shop_id) values (77, 77);
insert into order_relation (transaction_id, shop_id) values (78, 78);
insert into order_relation (transaction_id, shop_id) values (79, 79);
insert into order_relation (transaction_id, shop_id) values (80, 80);
insert into order_relation (transaction_id, shop_id) values (81, 81);
insert into order_relation (transaction_id, shop_id) values (82, 82);
insert into order_relation (transaction_id, shop_id) values (83, 83);
insert into order_relation (transaction_id, shop_id) values (84, 84);
insert into order_relation (transaction_id, shop_id) values (85, 85);
insert into order_relation (transaction_id, shop_id) values (86, 86);
insert into order_relation (transaction_id, shop_id) values (87, 87);
insert into order_relation (transaction_id, shop_id) values (88, 88);
insert into order_relation (transaction_id, shop_id) values (89, 89);
insert into order_relation (transaction_id, shop_id) values (90, 90);
insert into order_relation (transaction_id, shop_id) values (91, 91);
insert into order_relation (transaction_id, shop_id) values (92, 92);
insert into order_relation (transaction_id, shop_id) values (93, 93);
insert into order_relation (transaction_id, shop_id) values (94, 94);
insert into order_relation (transaction_id, shop_id) values (95, 95);
insert into order_relation (transaction_id, shop_id) values (96, 96);
insert into order_relation (transaction_id, shop_id) values (97, 97);
insert into order_relation (transaction_id, shop_id) values (98, 98);
insert into order_relation (transaction_id, shop_id) values (99, 99);
insert into order_relation (transaction_id, shop_id) values (100, 100);


insert into delivery_unit_relation (shop_id, license_id, super_user_id, order_id) values (1, 1, 1, 1);
insert into delivery_unit_relation (shop_id, license_id, super_user_id, order_id) values (2, 2, 2, 2);
insert into delivery_unit_relation (shop_id, license_id, super_user_id, order_id) values (3, 3, 3, 3);
insert into delivery_unit_relation (shop_id, license_id, super_user_id, order_id) values (4, 4, 4, 4);
insert into delivery_unit_relation (shop_id, license_id, super_user_id, order_id) values (5, 5, 5, 5);
insert into delivery_unit_relation (shop_id, license_id, super_user_id, order_id) values (6, 6, 6, 6);
insert into delivery_unit_relation (shop_id, license_id, super_user_id, order_id) values (7, 7, 7, 7);
insert into delivery_unit_relation (shop_id, license_id, super_user_id, order_id) values (8, 8, 8, 8);
insert into delivery_unit_relation (shop_id, license_id, super_user_id, order_id) values (9, 9, 9, 9);
insert into delivery_unit_relation (shop_id, license_id, super_user_id, order_id) values (10, 10, 10, 10);
insert into delivery_unit_relation (shop_id, license_id, super_user_id, order_id) values (11, 11, 11, 11);
insert into delivery_unit_relation (shop_id, license_id, super_user_id, order_id) values (12, 12, 12, 12);
insert into delivery_unit_relation (shop_id, license_id, super_user_id, order_id) values (13, 13, 13, 13);
insert into delivery_unit_relation (shop_id, license_id, super_user_id, order_id) values (14, 14, 14, 14);
insert into delivery_unit_relation (shop_id, license_id, super_user_id, order_id) values (15, 15, 15, 15);
insert into delivery_unit_relation (shop_id, license_id, super_user_id, order_id) values (16, 16, 16, 16);
insert into delivery_unit_relation (shop_id, license_id, super_user_id, order_id) values (17, 17, 17, 17);
insert into delivery_unit_relation (shop_id, license_id, super_user_id, order_id) values (18, 18, 18, 18);
insert into delivery_unit_relation (shop_id, license_id, super_user_id, order_id) values (19, 19, 19, 19);
insert into delivery_unit_relation (shop_id, license_id, super_user_id, order_id) values (20, 20, 20, 20);
insert into delivery_unit_relation (shop_id, license_id, super_user_id, order_id) values (21, 21, 21, 21);
insert into delivery_unit_relation (shop_id, license_id, super_user_id, order_id) values (22, 22, 22, 22);
insert into delivery_unit_relation (shop_id, license_id, super_user_id, order_id) values (23, 23, 23, 23);
insert into delivery_unit_relation (shop_id, license_id, super_user_id, order_id) values (24, 24, 24, 24);
insert into delivery_unit_relation (shop_id, license_id, super_user_id, order_id) values (25, 25, 25, 25);
insert into delivery_unit_relation (shop_id, license_id, super_user_id, order_id) values (26, 26, 26, 26);
insert into delivery_unit_relation (shop_id, license_id, super_user_id, order_id) values (27, 27, 27, 27);
insert into delivery_unit_relation (shop_id, license_id, super_user_id, order_id) values (28, 28, 28, 28);
insert into delivery_unit_relation (shop_id, license_id, super_user_id, order_id) values (29, 29, 29, 29);
insert into delivery_unit_relation (shop_id, license_id, super_user_id, order_id) values (30, 30, 30, 30);
insert into delivery_unit_relation (shop_id, license_id, super_user_id, order_id) values (31, 31, 31, 31);
insert into delivery_unit_relation (shop_id, license_id, super_user_id, order_id) values (32, 32, 32, 32);
insert into delivery_unit_relation (shop_id, license_id, super_user_id, order_id) values (33, 33, 33, 33);
insert into delivery_unit_relation (shop_id, license_id, super_user_id, order_id) values (34, 34, 34, 34);
insert into delivery_unit_relation (shop_id, license_id, super_user_id, order_id) values (35, 35, 35, 35);
insert into delivery_unit_relation (shop_id, license_id, super_user_id, order_id) values (36, 36, 36, 36);
insert into delivery_unit_relation (shop_id, license_id, super_user_id, order_id) values (37, 37, 37, 37);
insert into delivery_unit_relation (shop_id, license_id, super_user_id, order_id) values (38, 38, 38, 38);
insert into delivery_unit_relation (shop_id, license_id, super_user_id, order_id) values (39, 39, 39, 39);
insert into delivery_unit_relation (shop_id, license_id, super_user_id, order_id) values (40, 40, 40, 40);
insert into delivery_unit_relation (shop_id, license_id, super_user_id, order_id) values (41, 41, 41, 41);
insert into delivery_unit_relation (shop_id, license_id, super_user_id, order_id) values (42, 42, 42, 42);
insert into delivery_unit_relation (shop_id, license_id, super_user_id, order_id) values (43, 43, 43, 43);
insert into delivery_unit_relation (shop_id, license_id, super_user_id, order_id) values (44, 44, 44, 44);
insert into delivery_unit_relation (shop_id, license_id, super_user_id, order_id) values (45, 45, 45, 45);
insert into delivery_unit_relation (shop_id, license_id, super_user_id, order_id) values (46, 46, 46, 46);
insert into delivery_unit_relation (shop_id, license_id, super_user_id, order_id) values (47, 47, 47, 47);
insert into delivery_unit_relation (shop_id, license_id, super_user_id, order_id) values (48, 48, 48, 48);
insert into delivery_unit_relation (shop_id, license_id, super_user_id, order_id) values (49, 49, 49, 49);
insert into delivery_unit_relation (shop_id, license_id, super_user_id, order_id) values (50, 50, 50, 50);
insert into delivery_unit_relation (shop_id, license_id, super_user_id, order_id) values (51, 51, 51, 51);
insert into delivery_unit_relation (shop_id, license_id, super_user_id, order_id) values (52, 52, 52, 52);
insert into delivery_unit_relation (shop_id, license_id, super_user_id, order_id) values (53, 53, 53, 53);
insert into delivery_unit_relation (shop_id, license_id, super_user_id, order_id) values (54, 54, 54, 54);
insert into delivery_unit_relation (shop_id, license_id, super_user_id, order_id) values (55, 55, 55, 55);
insert into delivery_unit_relation (shop_id, license_id, super_user_id, order_id) values (56, 56, 56, 56);
insert into delivery_unit_relation (shop_id, license_id, super_user_id, order_id) values (57, 57, 57, 57);
insert into delivery_unit_relation (shop_id, license_id, super_user_id, order_id) values (58, 58, 58, 58);
insert into delivery_unit_relation (shop_id, license_id, super_user_id, order_id) values (59, 59, 59, 59);
insert into delivery_unit_relation (shop_id, license_id, super_user_id, order_id) values (60, 60, 60, 60);
insert into delivery_unit_relation (shop_id, license_id, super_user_id, order_id) values (61, 61, 61, 61);
insert into delivery_unit_relation (shop_id, license_id, super_user_id, order_id) values (62, 62, 62, 62);
insert into delivery_unit_relation (shop_id, license_id, super_user_id, order_id) values (63, 63, 63, 63);
insert into delivery_unit_relation (shop_id, license_id, super_user_id, order_id) values (64, 64, 64, 64);
insert into delivery_unit_relation (shop_id, license_id, super_user_id, order_id) values (65, 65, 65, 65);
insert into delivery_unit_relation (shop_id, license_id, super_user_id, order_id) values (66, 66, 66, 66);
insert into delivery_unit_relation (shop_id, license_id, super_user_id, order_id) values (67, 67, 67, 67);
insert into delivery_unit_relation (shop_id, license_id, super_user_id, order_id) values (68, 68, 68, 68);
insert into delivery_unit_relation (shop_id, license_id, super_user_id, order_id) values (69, 69, 69, 69);
insert into delivery_unit_relation (shop_id, license_id, super_user_id, order_id) values (70, 70, 70, 70);
insert into delivery_unit_relation (shop_id, license_id, super_user_id, order_id) values (71, 71, 71, 71);
insert into delivery_unit_relation (shop_id, license_id, super_user_id, order_id) values (72, 72, 72, 72);
insert into delivery_unit_relation (shop_id, license_id, super_user_id, order_id) values (73, 73, 73, 73);
insert into delivery_unit_relation (shop_id, license_id, super_user_id, order_id) values (74, 74, 74, 74);
insert into delivery_unit_relation (shop_id, license_id, super_user_id, order_id) values (75, 75, 75, 75);
insert into delivery_unit_relation (shop_id, license_id, super_user_id, order_id) values (76, 76, 76, 76);
insert into delivery_unit_relation (shop_id, license_id, super_user_id, order_id) values (77, 77, 77, 77);
insert into delivery_unit_relation (shop_id, license_id, super_user_id, order_id) values (78, 78, 78, 78);
insert into delivery_unit_relation (shop_id, license_id, super_user_id, order_id) values (79, 79, 79, 79);
insert into delivery_unit_relation (shop_id, license_id, super_user_id, order_id) values (80, 80, 80, 80);
insert into delivery_unit_relation (shop_id, license_id, super_user_id, order_id) values (81, 81, 81, 81);
insert into delivery_unit_relation (shop_id, license_id, super_user_id, order_id) values (82, 82, 82, 82);
insert into delivery_unit_relation (shop_id, license_id, super_user_id, order_id) values (83, 83, 83, 83);
insert into delivery_unit_relation (shop_id, license_id, super_user_id, order_id) values (84, 84, 84, 84);
insert into delivery_unit_relation (shop_id, license_id, super_user_id, order_id) values (85, 85, 85, 85);
insert into delivery_unit_relation (shop_id, license_id, super_user_id, order_id) values (86, 86, 86, 86);
insert into delivery_unit_relation (shop_id, license_id, super_user_id, order_id) values (87, 87, 87, 87);
insert into delivery_unit_relation (shop_id, license_id, super_user_id, order_id) values (88, 88, 88, 88);
insert into delivery_unit_relation (shop_id, license_id, super_user_id, order_id) values (89, 89, 89, 89);
insert into delivery_unit_relation (shop_id, license_id, super_user_id, order_id) values (90, 90, 90, 90);
insert into delivery_unit_relation (shop_id, license_id, super_user_id, order_id) values (91, 91, 91, 91);
insert into delivery_unit_relation (shop_id, license_id, super_user_id, order_id) values (92, 92, 92, 92);
insert into delivery_unit_relation (shop_id, license_id, super_user_id, order_id) values (93, 93, 93, 93);
insert into delivery_unit_relation (shop_id, license_id, super_user_id, order_id) values (94, 94, 94, 94);
insert into delivery_unit_relation (shop_id, license_id, super_user_id, order_id) values (95, 95, 95, 95);
insert into delivery_unit_relation (shop_id, license_id, super_user_id, order_id) values (96, 96, 96, 96);
insert into delivery_unit_relation (shop_id, license_id, super_user_id, order_id) values (97, 97, 97, 97);
insert into delivery_unit_relation (shop_id, license_id, super_user_id, order_id) values (98, 98, 98, 98);
insert into delivery_unit_relation (shop_id, license_id, super_user_id, order_id) values (99, 99, 99, 99);
insert into delivery_unit_relation (shop_id, license_id, super_user_id, order_id) values (100, 100, 100, 100);
insert into  order_detail (order_id, order_name, quantity, Price, date_of_order, date_of_delivery) values (1, 'Petrina', 5, 2779, '2023-01-04', '2023-02-01');
insert into  order_detail (order_id, order_name, quantity, Price, date_of_order, date_of_delivery) values (2, 'Percy', 20, 8425, '2023-01-18', '2023-02-08');
insert into  order_detail (order_id, order_name, quantity, Price, date_of_order, date_of_delivery) values (3, 'Corney', 13, 5972, '2023-01-13', '2023-02-03');
insert into  order_detail (order_id, order_name, quantity, Price, date_of_order, date_of_delivery) values (4, 'Bari', 16, 1895, '2023-01-09', '2023-02-06');
insert into  order_detail (order_id, order_name, quantity, Price, date_of_order, date_of_delivery) values (5, 'Teri', 20, 9450, '2023-01-23', '2023-02-12');
insert into  order_detail (order_id, order_name, quantity, Price, date_of_order, date_of_delivery) values (6, 'Reuben', 19, 4914, '2023-01-24', '2023-02-03');
insert into  order_detail (order_id, order_name, quantity, Price, date_of_order, date_of_delivery) values (7, 'Karna', 2, 7657, '2023-01-24', '2023-02-13');
insert into  order_detail (order_id, order_name, quantity, Price, date_of_order, date_of_delivery) values (8, 'Pet', 2, 9640, '2023-01-07', '2023-02-03');
insert into  order_detail (order_id, order_name, quantity, Price, date_of_order, date_of_delivery) values (9, 'Inigo', 5, 4503, '2023-01-05', '2023-02-11');
insert into  order_detail (order_id, order_name, quantity, Price, date_of_order, date_of_delivery) values (10, 'Gunter', 11, 4342, '2023-01-09', '2023-02-10');
insert into  order_detail (order_id, order_name, quantity, Price, date_of_order, date_of_delivery) values (11, 'Todd', 7, 1801, '2023-01-24', '2023-02-06');
insert into  order_detail (order_id, order_name, quantity, Price, date_of_order, date_of_delivery) values (12, 'Murvyn', 10, 1759, '2023-01-14', '2023-02-03');
insert into  order_detail (order_id, order_name, quantity, Price, date_of_order, date_of_delivery) values (13, 'Suellen', 19, 2854, '2023-01-21', '2023-02-11');
insert into  order_detail (order_id, order_name, quantity, Price, date_of_order, date_of_delivery) values (14, 'Ethe', 20, 3170, '2023-01-20', '2023-02-13');
insert into  order_detail (order_id, order_name, quantity, Price, date_of_order, date_of_delivery) values (15, 'Sibeal', 20, 8386, '2023-01-08', '2023-02-07');
insert into  order_detail (order_id, order_name, quantity, Price, date_of_order, date_of_delivery) values (16, 'Baudoin', 3, 8335, '2023-01-30', '2023-02-01');
insert into  order_detail (order_id, order_name, quantity, Price, date_of_order, date_of_delivery) values (17, 'Johann', 10, 196, '2023-01-01', '2023-02-07');
insert into  order_detail (order_id, order_name, quantity, Price, date_of_order, date_of_delivery) values (18, 'Davida', 1, 1880, '2023-01-25', '2023-02-07');
insert into  order_detail (order_id, order_name, quantity, Price, date_of_order, date_of_delivery) values (19, 'Farris', 6, 6056, '2023-01-19', '2023-02-12');
insert into  order_detail (order_id, order_name, quantity, Price, date_of_order, date_of_delivery) values (20, 'Sarina', 17, 9104, '2023-01-15', '2023-02-02');
insert into  order_detail (order_id, order_name, quantity, Price, date_of_order, date_of_delivery) values (21, 'Gard', 18, 1416, '2023-01-20', '2023-02-13');
insert into  order_detail (order_id, order_name, quantity, Price, date_of_order, date_of_delivery) values (22, 'Karine', 9, 1162, '2023-01-11', '2023-02-07');
insert into  order_detail (order_id, order_name, quantity, Price, date_of_order, date_of_delivery) values (23, 'Engracia', 12, 2927, '2023-01-06', '2023-02-03');
insert into  order_detail (order_id, order_name, quantity, Price, date_of_order, date_of_delivery) values (24, 'Reyna', 3, 5866, '2023-01-30', '2023-02-05');
insert into  order_detail (order_id, order_name, quantity, Price, date_of_order, date_of_delivery) values (25, 'Rozella', 17, 8748, '2023-01-15', '2023-02-09');
insert into  order_detail (order_id, order_name, quantity, Price, date_of_order, date_of_delivery) values (26, 'Tiffi', 10, 9887, '2023-01-15', '2023-02-10');
insert into  order_detail (order_id, order_name, quantity, Price, date_of_order, date_of_delivery) values (27, 'Jessamine', 17, 9431, '2023-01-15', '2023-02-09');
insert into  order_detail (order_id, order_name, quantity, Price, date_of_order, date_of_delivery) values (28, 'Dorthea', 20, 191, '2023-01-15', '2023-02-01');
insert into  order_detail (order_id, order_name, quantity, Price, date_of_order, date_of_delivery) values (29, 'Price', 5, 5265, '2023-01-05', '2023-02-12');
insert into  order_detail (order_id, order_name, quantity, Price, date_of_order, date_of_delivery) values (30, 'Davis', 14, 873, '2023-01-25', '2023-02-07');
insert into  order_detail (order_id, order_name, quantity, Price, date_of_order, date_of_delivery) values (31, 'Eberhard', 12, 7026, '2023-01-28', '2023-02-01');
insert into  order_detail (order_id, order_name, quantity, Price, date_of_order, date_of_delivery) values (32, 'Constantino', 2, 2827, '2023-01-26', '2023-02-13');
insert into  order_detail (order_id, order_name, quantity, Price, date_of_order, date_of_delivery) values (33, 'Caprice', 19, 8160, '2023-01-21', '2023-02-12');
insert into  order_detail (order_id, order_name, quantity, Price, date_of_order, date_of_delivery) values (34, 'Bartholomeo', 10, 2912, '2023-01-21', '2023-02-09');
insert into  order_detail (order_id, order_name, quantity, Price, date_of_order, date_of_delivery) values (35, 'Kerianne', 10, 9038, '2023-01-24', '2023-02-11');
insert into  order_detail (order_id, order_name, quantity, Price, date_of_order, date_of_delivery) values (36, 'Carrol', 6, 3276, '2023-01-18', '2023-02-08');
insert into  order_detail (order_id, order_name, quantity, Price, date_of_order, date_of_delivery) values (37, 'Gayel', 16, 1460, '2023-01-27', '2023-02-02');
insert into  order_detail (order_id, order_name, quantity, Price, date_of_order, date_of_delivery) values (38, 'Margi', 8, 7191, '2023-01-07', '2023-02-09');
insert into  order_detail (order_id, order_name, quantity, Price, date_of_order, date_of_delivery) values (39, 'Kayla', 16, 2484, '2023-01-25', '2023-02-12');
insert into  order_detail (order_id, order_name, quantity, Price, date_of_order, date_of_delivery) values (40, 'Sharron', 5, 6801, '2023-01-29', '2023-02-04');
insert into  order_detail (order_id, order_name, quantity, Price, date_of_order, date_of_delivery) values (41, 'Leoine', 17, 6551, '2023-01-09', '2023-02-05');
insert into  order_detail (order_id, order_name, quantity, Price, date_of_order, date_of_delivery) values (42, 'Doralia', 11, 8005, '2023-01-01', '2023-02-13');
insert into  order_detail (order_id, order_name, quantity, Price, date_of_order, date_of_delivery) values (43, 'Andris', 14, 8357, '2023-01-08', '2023-02-08');
insert into  order_detail (order_id, order_name, quantity, Price, date_of_order, date_of_delivery) values (44, 'Tracie', 17, 226, '2023-01-30', '2023-02-04');
insert into  order_detail (order_id, order_name, quantity, Price, date_of_order, date_of_delivery) values (45, 'Britte', 12, 2608, '2023-01-28', '2023-02-06');
insert into  order_detail (order_id, order_name, quantity, Price, date_of_order, date_of_delivery) values (46, 'Colet', 2, 322, '2023-01-28', '2023-02-10');
insert into  order_detail (order_id, order_name, quantity, Price, date_of_order, date_of_delivery) values (47, 'Corny', 15, 3371, '2023-01-25', '2023-02-01');
insert into  order_detail (order_id, order_name, quantity, Price, date_of_order, date_of_delivery) values (48, 'Denys', 4, 7625, '2023-01-24', '2023-02-04');
insert into  order_detail (order_id, order_name, quantity, Price, date_of_order, date_of_delivery) values (49, 'Rudolph', 10, 3280, '2023-01-25', '2023-02-12');
insert into  order_detail (order_id, order_name, quantity, Price, date_of_order, date_of_delivery) values (50, 'Mable', 16, 2629, '2023-01-11', '2023-02-06');
insert into  order_detail (order_id, order_name, quantity, Price, date_of_order, date_of_delivery) values (51, 'Georgy', 8, 7847, '2023-01-25', '2023-02-05');
insert into  order_detail (order_id, order_name, quantity, Price, date_of_order, date_of_delivery) values (52, 'Rosemonde', 8, 8438, '2023-01-26', '2023-02-07');
insert into  order_detail (order_id, order_name, quantity, Price, date_of_order, date_of_delivery) values (53, 'Fletcher', 2, 8170, '2023-01-08', '2023-02-04');
insert into  order_detail (order_id, order_name, quantity, Price, date_of_order, date_of_delivery) values (54, 'Yancy', 12, 7837, '2023-01-02', '2023-02-13');
insert into  order_detail (order_id, order_name, quantity, Price, date_of_order, date_of_delivery) values (55, 'Bradley', 5, 8327, '2023-01-09', '2023-02-03');
insert into  order_detail (order_id, order_name, quantity, Price, date_of_order, date_of_delivery) values (56, 'Morgan', 2, 3875, '2023-01-07', '2023-02-03');
insert into  order_detail (order_id, order_name, quantity, Price, date_of_order, date_of_delivery) values (57, 'Sharyl', 3, 7948, '2023-01-13', '2023-02-10');
insert into  order_detail (order_id, order_name, quantity, Price, date_of_order, date_of_delivery) values (58, 'Tucker', 8, 8488, '2023-01-04', '2023-02-04');
insert into  order_detail (order_id, order_name, quantity, Price, date_of_order, date_of_delivery) values (59, 'Juliane', 17, 3586, '2023-01-15', '2023-02-01');
insert into  order_detail (order_id, order_name, quantity, Price, date_of_order, date_of_delivery) values (60, 'Katey', 18, 4375, '2023-01-02', '2023-02-01');
insert into  order_detail (order_id, order_name, quantity, Price, date_of_order, date_of_delivery) values (61, 'Egbert', 7, 5609, '2023-01-16', '2023-02-13');
insert into  order_detail (order_id, order_name, quantity, Price, date_of_order, date_of_delivery) values (62, 'Wendeline', 13, 9394, '2023-01-21', '2023-02-05');
insert into  order_detail (order_id, order_name, quantity, Price, date_of_order, date_of_delivery) values (63, 'Harris', 13, 1212, '2023-01-03', '2023-02-12');
insert into  order_detail (order_id, order_name, quantity, Price, date_of_order, date_of_delivery) values (64, 'Zarah', 17, 8214, '2023-01-29', '2023-02-08');
insert into  order_detail (order_id, order_name, quantity, Price, date_of_order, date_of_delivery) values (65, 'Elvera', 2, 3604, '2023-01-22', '2023-02-05');
insert into  order_detail (order_id, order_name, quantity, Price, date_of_order, date_of_delivery) values (66, 'Oliviero', 5, 3446, '2023-01-30', '2023-02-03');
insert into  order_detail (order_id, order_name, quantity, Price, date_of_order, date_of_delivery) values (67, 'Jenna', 9, 4592, '2023-01-07', '2023-02-08');
insert into  order_detail (order_id, order_name, quantity, Price, date_of_order, date_of_delivery) values (68, 'Shel', 3, 725, '2023-01-21', '2023-02-13');
insert into  order_detail (order_id, order_name, quantity, Price, date_of_order, date_of_delivery) values (69, 'Anallese', 12, 2788, '2023-01-19', '2023-02-01');
insert into  order_detail (order_id, order_name, quantity, Price, date_of_order, date_of_delivery) values (70, 'Christalle', 11, 8089, '2023-01-10', '2023-02-06');
insert into  order_detail (order_id, order_name, quantity, Price, date_of_order, date_of_delivery) values (71, 'Bradford', 10, 1878, '2023-01-13', '2023-02-10');
insert into  order_detail (order_id, order_name, quantity, Price, date_of_order, date_of_delivery) values (72, 'Penny', 12, 8321, '2023-01-03', '2023-02-09');
insert into  order_detail (order_id, order_name, quantity, Price, date_of_order, date_of_delivery) values (73, 'Maxy', 1, 5871, '2023-01-22', '2023-02-07');
insert into  order_detail (order_id, order_name, quantity, Price, date_of_order, date_of_delivery) values (74, 'Joya', 19, 3498, '2023-01-08', '2023-02-05');
insert into  order_detail (order_id, order_name, quantity, Price, date_of_order, date_of_delivery) values (75, 'Erl', 18, 2893, '2023-01-13', '2023-02-08');
insert into  order_detail (order_id, order_name, quantity, Price, date_of_order, date_of_delivery) values (76, 'Sly', 8, 6043, '2023-01-17', '2023-02-13');
insert into  order_detail (order_id, order_name, quantity, Price, date_of_order, date_of_delivery) values (77, 'Boris', 5, 9636, '2023-01-20', '2023-02-13');
insert into  order_detail (order_id, order_name, quantity, Price, date_of_order, date_of_delivery) values (78, 'Olag', 14, 3698, '2023-01-03', '2023-02-12');
insert into  order_detail (order_id, order_name, quantity, Price, date_of_order, date_of_delivery) values (79, 'Emlynn', 6, 3686, '2023-01-15', '2023-02-09');
insert into  order_detail (order_id, order_name, quantity, Price, date_of_order, date_of_delivery) values (80, 'Emalee', 4, 6262, '2023-01-21', '2023-02-04');
insert into  order_detail (order_id, order_name, quantity, Price, date_of_order, date_of_delivery) values (81, 'Rorke', 1, 8291, '2023-01-08', '2023-02-13');
insert into  order_detail (order_id, order_name, quantity, Price, date_of_order, date_of_delivery) values (82, 'Richmond', 19, 5048, '2023-01-07', '2023-02-05');
insert into  order_detail (order_id, order_name, quantity, Price, date_of_order, date_of_delivery) values (83, 'Lutero', 12, 9642, '2023-01-13', '2023-02-05');
insert into  order_detail (order_id, order_name, quantity, Price, date_of_order, date_of_delivery) values (84, 'Winna', 8, 7527, '2023-01-20', '2023-02-03');
insert into  order_detail (order_id, order_name, quantity, Price, date_of_order, date_of_delivery) values (85, 'Giorgia', 4, 9120, '2023-01-09', '2023-02-06');
insert into  order_detail (order_id, order_name, quantity, Price, date_of_order, date_of_delivery) values (86, 'Massimo', 5, 2999, '2023-01-24', '2023-02-09');
insert into  order_detail (order_id, order_name, quantity, Price, date_of_order, date_of_delivery) values (87, 'Lincoln', 19, 1431, '2023-01-22', '2023-02-13');
insert into  order_detail (order_id, order_name, quantity, Price, date_of_order, date_of_delivery) values (88, 'Brittany', 1, 5698, '2023-01-09', '2023-02-04');
insert into  order_detail (order_id, order_name, quantity, Price, date_of_order, date_of_delivery) values (89, 'Ruperto', 8, 8181, '2023-01-26', '2023-02-08');
insert into  order_detail (order_id, order_name, quantity, Price, date_of_order, date_of_delivery) values (90, 'Bryan', 5, 8382, '2023-01-27', '2023-02-02');
insert into  order_detail (order_id, order_name, quantity, Price, date_of_order, date_of_delivery) values (91, 'Rhonda', 20, 7848, '2023-01-25', '2023-02-07');
insert into  order_detail (order_id, order_name, quantity, Price, date_of_order, date_of_delivery) values (92, 'Fayina', 18, 5195, '2023-01-20', '2023-02-12');
insert into  order_detail (order_id, order_name, quantity, Price, date_of_order, date_of_delivery) values (93, 'Dolf', 7, 6053, '2023-01-01', '2023-02-07');
insert into  order_detail (order_id, order_name, quantity, Price, date_of_order, date_of_delivery) values (94, 'Glen', 18, 827, '2023-01-08', '2023-02-13');
insert into  order_detail (order_id, order_name, quantity, Price, date_of_order, date_of_delivery) values (95, 'Trev', 4, 6766, '2023-01-25', '2023-02-03');
insert into  order_detail (order_id, order_name, quantity, Price, date_of_order, date_of_delivery) values (96, 'Clayton', 5, 9946, '2023-01-29', '2023-02-12');
insert into  order_detail (order_id, order_name, quantity, Price, date_of_order, date_of_delivery) values (97, 'Carlynne', 17, 4064, '2023-01-06', '2023-02-09');
insert into  order_detail (order_id, order_name, quantity, Price, date_of_order, date_of_delivery) values (98, 'Bendite', 18, 1888, '2023-01-12', '2023-02-05');
insert into  order_detail (order_id, order_name, quantity, Price, date_of_order, date_of_delivery) values (99, 'Bald', 13, 1805, '2023-01-30', '2023-02-07');
insert into  order_detail (order_id, order_name, quantity, Price, date_of_order, date_of_delivery) values (100, 'Hertha', 20, 2665, '2023-01-23', '2023-02-08');



